O,N,B,S,P,SSA,PV,Rmic/mes,ID/IG,Electrolyte,Current collector,Active mass loading,DV,Current density,Cs
17.66,3.01,0,1.12,0,508,0.34,0.099,0.86,1M Zn(CF3SO3)2,stainless-steel mesh,2.5,1.8,20,9.5
15.17,1.8,0,0,0,225.22,0.1,6.714,1.08,2M ZnSO4,Ti foil,2,1.8,4,17
6.15,13.57,0,0,0,1274.8,0.551,2.51,1.97,2M ZnSO4,stainless-steel mesh,1,1.6,60,17.4
8.2,0,0,0,0,1500,0.78,2.25,1.01,1M ZnSO4,stainless-steel mesh,2,1.6,100,18.2
15.17,1.8,0,0,0,225.22,0.1,6.714,1.08,2M ZnSO4,Ti foil,2,1.8,3,19.7
17.66,3.01,0,1.12,0,508,0.34,0.099,0.86,1M Zn(CF3SO3)2,stainless-steel mesh,2.5,1.8,10,19.8
4.77,0,0,0,0,1644,0.96,1.33,1.06,1M ZnSO4,freestanding,1.77,1.6,20,21.4
7.71,0,0,0,0,500,0.315,1.645,0.97,1M ZnSO4,stainless-steel mesh,1.2,1.6,20,21.6
21.55,3.29,0,0,0,1140.8,0.86,0.157,0.82,1M Zn(CF3SO3)2,stainless-steel mesh,2.5,1.8,20,23.3
6.15,13.57,0,0,0,1274.8,0.551,2.51,1.97,2M ZnSO4,stainless-steel mesh,1,1.6,30,23.9
15.17,1.8,0,0,0,225.22,0.1,6.714,1.08,2M ZnSO4,Ti foil,2,1.8,2,24.5
7.71,0,0,0,0,500,0.315,1.645,0.97,1M ZnSO4,stainless-steel mesh,1.2,1.6,15,24.7
7.71,0,0,0,0,500,0.315,1.645,0.97,1M ZnSO4,stainless-steel mesh,1.2,1.6,10,26.7
4.77,0,0,0,0,1644,0.96,1.33,1.06,1M ZnSO4,freestanding,1.77,1.6,10,26.9
6.3,0,0,0,0,1886,0.93,2.444,1.04,1M ZnSO4,stainless-steel mesh,2,1.6,100,28.4
11.2,4.2,0,0,0,697,0.83,0.277,0.958,1M ZnSO4,stainless-steel mesh,2,1.6,100,28.7
4.41,12.14,0,0,0,494,0.27,1.7,3.1,2M ZnSO4,stainless-steel ,1,1.6,80,28.8
7.71,0,0,0,0,500,0.315,1.645,0.97,1M ZnSO4,stainless-steel mesh,1.2,1.6,7,30.2
4.77,0,0,0,0,1644,0.96,1.33,1.06,1M ZnSO4,freestanding,1.77,1.6,5,31.4
4.3,0,0,0,0,1655,0.81,2.522,1.05,1M ZnSO4,stainless-steel mesh,2,1.6,100,31.6
10.72,2.83,0,0.63,0,909,0.44,13.667,0.93,3M ZnSO4,carbon paper,1.2,1.7,5,32.1
7.71,0,0,0,0,500,0.315,1.645,0.97,1M ZnSO4,stainless-steel mesh,1.2,1.6,5,33.2
11.2,4.2,0,0,0,697,0.83,0.277,0.958,1M ZnSO4,stainless-steel mesh,2,1.6,50,33.3
10.72,2.83,0,0.63,0,909,0.44,13.667,0.93,1M ZnSO4,carbon paper,1.2,1.7,5,33.7
17.66,3.01,0,1.12,0,508,0.34,0.099,0.86,1M Zn(CF3SO3)2,stainless-steel mesh,2.5,1.8,5,34.2
15.17,1.8,0,0,0,225.22,0.1,6.714,1.08,2M ZnSO4,Ti foil,2,1.8,1,34.5
10.72,2.83,0,0.63,0,909,0.44,13.667,0.93,3M ZnSO4,carbon paper,1.2,1.7,4,34.6
7.71,0,0,0,0,500,0.315,1.645,0.97,1M ZnSO4,stainless-steel mesh,1.2,1.6,4,34.8
14.9,3.1,0,0,0,620,0.86,0.178,0.962,1M ZnSO4,stainless-steel mesh,2,1.6,100,35.4
10.72,2.83,0,0.63,0,909,0.44,13.667,0.93,2M ZnSO4,carbon paper,1.2,1.7,5,36.5
7.71,0,0,0,0,500,0.315,1.645,0.97,1M ZnSO4,stainless-steel mesh,1.2,1.6,3,36.5
4.77,0,0,0,0,1644,0.96,1.33,1.06,1M ZnSO4,freestanding,1.77,1.6,2,36.5
10.72,2.83,0,0.63,0,909,0.44,13.667,0.93,1M ZnSO4,carbon paper,1.2,1.7,4,36.7
6.42,2.75,0,0,0,1301.6,3.04,0.074,0.92,2M ZnSO4,stainless-steel mesh,2.5,1.6,30,37.4
10.72,2.83,0,0.63,0,909,0.44,13.667,0.93,3M ZnSO4,carbon paper,1.2,1.7,3,38.1
21.55,3.29,0,0,0,1140.8,0.86,0.157,0.82,1M Zn(CF3SO3)2,stainless-steel mesh,2.5,1.8,10,38.5
4.41,12.14,0,0,0,494,0.27,1.7,3.1,2M ZnSO4,stainless-steel ,1,1.6,60,38.7
7.71,0,0,0,0,500,0.315,1.645,0.97,1M ZnSO4,stainless-steel mesh,1.2,1.6,2,38.9
11.2,4.2,0,0,0,697,0.83,0.277,0.958,1M ZnSO4,stainless-steel mesh,2,1.6,20,38.9
14.9,3.1,0,0,0,620,0.86,0.178,0.962,1M ZnSO4,stainless-steel mesh,2,1.6,50,39.1
10.72,2.83,0,0.63,0,909,0.44,13.667,0.93,2M ZnSO4,carbon paper,1.2,1.7,4,39.7
11.5,6.7,0,0,0,642,1.03,0.17,0.964,1M ZnSO4,stainless-steel mesh,2,1.6,100,39.7
4.77,0,0,0,0,1644,0.96,1.33,1.06,1M ZnSO4,freestanding,1.77,1.6,1,40
10.72,2.83,0,0.63,0,909,0.44,13.667,0.93,1M ZnSO4,carbon paper,1.2,1.7,3,40.3
6.3,0,0,0,0,1886,0.93,2.444,1.04,1M ZnSO4,stainless-steel mesh,2,1.6,50,40.9
17.66,3.01,0,1.12,0,508,0.34,0.099,0.86,1M Zn(CF3SO3)2,stainless-steel mesh,2.5,1.8,2,40.9
6.42,2.75,0,0,0,1301.6,3.04,0.074,0.92,2M ZnSO4,stainless-steel mesh,2.5,1.6,20,41.1
20.61,3.95,0,0,0,544.83,0.26,4.783,0.96,2M ZnSO4,Ti foil,2,1.8,4,41.5
11.18,2.79,0,0.77,0,599.3,0.276,2.366,0.81,1M ZnSO4,stainless-steel,,1.6,2,41.6
6.99,1.59,0,0,0,2465.9,1.29,1.115,0.912,2M ZnSO4,nickel foam,2,1.8,20,41.6
6.99,1.59,0,0,0,2465.9,1.29,1.115,0.912,2M ZnSO4,nickel foam,2,1.8,15,41.6
4.3,0,0,0,0,1655,0.81,2.522,1.05,1M ZnSO4,stainless-steel mesh,2,1.6,50,41.8
9.71,5.41,0,0,0,670,0.72,3.071,1.89,3M Zn(CF3SO3)2,stainless-steel mesh,,1.7,50,42.2
11.2,4.2,0,0,0,697,0.83,0.277,0.958,1M ZnSO4,stainless-steel mesh,2,1.6,10,42.3
6.15,13.57,0,0,0,1274.8,0.551,2.51,1.97,2M ZnSO4,stainless-steel mesh,1,1.6,20,42.4
7.94,0,0,0,0,761.62,0.9097,1.224,0.98,2M ZnSO4,Ti foil,1.2,1.6,0.1,42.8
10.72,2.83,0,0.63,0,909,0.44,13.667,0.93,3M ZnSO4,carbon paper,1.2,1.7,2,43.1
10.72,2.83,0,0.63,0,909,0.44,13.667,0.93,2M ZnSO4,carbon paper,1.2,1.7,3,43.3
7.71,0,0,0,0,500,0.315,1.645,0.97,1M ZnSO4,stainless-steel mesh,1.2,1.6,1,43.4
9.71,5.41,0,0,0,670,0.72,3.071,1.89,3M Zn(CF3SO3)2,stainless-steel mesh,,1.7,40,43.7
14.9,3.1,0,0,0,620,0.86,0.178,0.962,1M ZnSO4,stainless-steel mesh,2,1.6,20,43.7
6.42,2.75,0,0,0,1301.6,3.04,0.074,0.92,2M ZnSO4,stainless-steel mesh,2.5,1.6,15,43.7
4.77,0,0,0,0,1644,0.96,1.33,1.06,1M ZnSO4,freestanding,1.77,1.6,0.5,43.8
6.99,1.59,0,0,0,2465.9,1.29,1.115,0.912,2M ZnSO4,nickel foam,2,1.8,10,44.5
4.81,1.09,0,0,0,972.4,1.67,0.21,0.82,2M ZnSO4,stainless-steel mesh,2.5,1.6,30,44.8
8.2,0,0,0,0,1500,0.78,2.25,1.01,1M ZnSO4,stainless-steel mesh,2,1.6,50,44.9
15.17,1.8,0,0,0,225.22,0.1,6.714,1.08,2M ZnSO4,Ti foil,2,1.8,0.5,45
10.72,2.83,0,0.63,0,909,0.44,13.667,0.93,1M ZnSO4,carbon paper,1.2,1.7,2,45.1
10.8,5.7,0,0,0,1454,0.83,0.122,1.05,2M ZnSO4,stainless-steel mesh,1,1.6,15,45.1
4.3,0,0,0,0,1655,0.81,2.522,1.05,1M ZnSO4,stainless-steel mesh,2,1.6,20,45.3
6.42,2.75,0,0,0,1301.6,3.04,0.074,0.92,2M ZnSO4,stainless-steel mesh,2.5,1.6,10,45.5
11.5,6.7,0,0,0,642,1.03,0.17,0.964,1M ZnSO4,stainless-steel mesh,2,1.6,50,45.6
11.2,4.2,0,0,0,697,0.83,0.277,0.958,1M ZnSO4,stainless-steel mesh,2,1.6,5,45.7
14.9,3.1,0,0,0,620,0.86,0.178,0.962,1M ZnSO4,stainless-steel mesh,2,1.6,10,46.6
5.51,5.19,0,0,0,642,0.58,0.184,3.5,2M ZnSO4,stainless-steel ,1,1.6,80,46.9
17.66,3.01,0,1.12,0,508,0.34,0.099,0.86,1M Zn(CF3SO3)2,stainless-steel mesh,2.5,1.8,1,47.4
20.61,3.95,0,0,0,544.83,0.26,4.783,0.96,2M ZnSO4,Ti foil,2,1.8,3,48
7.71,0,0,0,0,500,0.315,1.645,0.97,1M ZnSO4,stainless-steel mesh,1.2,1.6,0.5,48.3
4.41,12.14,0,0,0,494,0.27,1.7,3.1,2M ZnSO4,stainless-steel ,1,1.6,40,48.7
4.77,0,0,0,0,1644,0.96,1.33,1.06,1M ZnSO4,freestanding,1.77,1.6,0.2,48.7
9.71,5.41,0,0,0,670,0.72,3.071,1.89,3M Zn(CF3SO3)2,stainless-steel mesh,,1.7,20,49.1
10.72,2.83,0,0.63,0,909,0.44,13.667,0.93,2M ZnSO4,carbon paper,1.2,1.7,2,49.2
6.99,1.59,0,0,0,2465.9,1.29,1.115,0.912,2M ZnSO4,nickel foam,2,1.8,5,49.2
6.42,2.75,0,0,0,1301.6,3.04,0.074,0.92,2M ZnSO4,stainless-steel mesh,2.5,1.6,5,49.2
6.42,2.75,0,0,0,1301.6,3.04,0.074,0.92,2M ZnSO4,stainless-steel mesh,2.5,1.6,4,49.9
14.9,3.1,0,0,0,620,0.86,0.178,0.962,1M ZnSO4,stainless-steel mesh,2,1.6,5,50.4
15.17,1.8,0,0,0,225.22,0.1,6.714,1.08,2M ZnSO4,Ti foil,2,1.8,0.4,50.7
6.3,0,0,0,0,1886,0.93,2.444,1.04,1M ZnSO4,stainless-steel mesh,2,1.6,20,50.7
11.18,2.79,0,0.77,0,599.3,0.276,2.366,0.81,1M ZnSO4,stainless-steel,,1.6,1,50.8
10.8,5.7,0,0,0,1454,0.83,0.122,1.05,2M ZnSO4,stainless-steel mesh,1,1.6,10,50.9
10.72,2.83,0,0.63,0,909,0.44,13.667,0.93,3M ZnSO4,carbon paper,1.2,1.7,1,51.3
11.2,4.2,0,0,0,697,0.83,0.277,0.958,1M ZnSO4,stainless-steel mesh,2,1.6,2,51.3
21.55,3.29,0,0,0,1140.8,0.86,0.157,0.82,1M Zn(CF3SO3)2,stainless-steel mesh,2.5,1.8,5,51.5
4.3,0,0,0,0,1655,0.81,2.522,1.05,1M ZnSO4,stainless-steel mesh,2,1.6,10,51.6
6.42,2.75,0,0,0,1301.6,3.04,0.074,0.92,2M ZnSO4,stainless-steel mesh,2.5,1.6,3,51.7
18.15,3.51,0,0,0,648.22,0.32,4.516,1.01,2M ZnSO4,Ti foil,2,1.8,4,51.8
11.5,6.7,0,0,0,642,1.03,0.17,0.964,1M ZnSO4,stainless-steel mesh,2,1.6,20,51.9
4.81,1.09,0,0,0,972.4,1.67,0.21,0.82,2M ZnSO4,stainless-steel mesh,2.5,1.6,20,52.1
6.99,1.59,0,0,0,2465.9,1.29,1.115,0.912,2M ZnSO4,nickel foam,2,1.8,3,52.7
4.43,2.62,0,0,2.14,2038,1.29,0.497,1.12,1M ZnSO4,freestanding,1.77,1.6,20,52.8
4.77,0,0,0,0,1644,0.96,1.33,1.06,1M ZnSO4,freestanding,1.77,1.6,0.1,52.9
6.42,2.75,0,0,0,1301.6,3.04,0.074,0.92,2M ZnSO4,stainless-steel mesh,2.5,1.6,2,53.2
5.49,2.86,1.36,0,0,1590.46,1.32,0.064516129,0.71,1M ZnSO4,stainless-steel ,1,1.6,10,53.2
6.96,0,0,0,0,829,0.49,0.581,0.852,1M ZnSO4,stainless-steel foil,,1.6,20,53.6
10.72,2.83,0,0.63,0,909,0.44,13.667,0.93,1M ZnSO4,carbon paper,1.2,1.7,1,54.3
4.3,0,0,0,0,1655,0.81,2.522,1.05,1M ZnSO4,stainless-steel mesh,2,1.6,5,54.7
5.49,2.86,1.36,0,0,1590.46,1.32,0.064516129,0.71,1M ZnSO4,stainless-steel ,1,1.6,8,55.1
6.99,1.59,0,0,0,2465.9,1.29,1.115,0.912,2M ZnSO4,nickel foam,2,1.8,2,55.3
5.51,5.19,0,0,0,642,0.58,0.184,3.5,2M ZnSO4,stainless-steel ,1,1.6,60,55.4
9.71,5.41,0,0,0,670,0.72,3.071,1.89,3M Zn(CF3SO3)2,stainless-steel mesh,,1.7,10,55.7
11.2,4.2,0,0,0,697,0.83,0.277,0.958,1M ZnSO4,stainless-steel mesh,2,1.6,1,56
14.9,3.1,0,0,0,620,0.86,0.178,0.962,1M ZnSO4,stainless-steel mesh,2,1.6,2,56
6.3,0,0,0,0,1886,0.93,2.444,1.04,1M ZnSO4,stainless-steel mesh,2,1.6,10,56.4
3.37,0,0,0,0,3252.6,3.428,0.110463233,1.02,1M Zn(CF3SO3)2,stainless-steel mesh,1,1.6,30,56.4
17.66,3.01,0,1.12,0,508,0.34,0.099,0.86,1M Zn(CF3SO3)2,stainless-steel mesh,2.5,1.8,0.5,56.4
4.81,1.09,0,0,0,972.4,1.67,0.21,0.82,2M ZnSO4,stainless-steel mesh,2.5,1.6,15,56.5
11.5,6.7,0,0,0,642,1.03,0.17,0.964,1M ZnSO4,stainless-steel mesh,2,1.6,10,56.6
6.42,2.75,0,0,0,1301.6,3.04,0.074,0.92,2M ZnSO4,stainless-steel mesh,2.5,1.6,1,56.8
5.49,2.86,1.36,0,0,1590.46,1.32,0.064516129,0.71,1M ZnSO4,stainless-steel ,1,1.6,5,56.9
20.61,3.95,0,0,0,544.83,0.26,4.783,0.96,2M ZnSO4,Ti foil,2,1.8,2,57
9.3,0,0,0,0,950,0.784,1.143,1.18,1M ZnSO4,stainless-steel mesh,1.2,1.6,20,57
5.68,1.49,0,0,0,1640.1,1.41,0.489,0.95,2M ZnSO4,Nickel foam,2,1.6,20,57.1
8.2,0,0,0,0,1500,0.78,2.25,1.01,1M ZnSO4,stainless-steel mesh,2,1.6,20,58.2
4.2,6.3,0,0,0,543,0.9,0.125,0.99,2M ZnSO4,stainless-steel mesh,1,1.6,15,58.2
5.68,1.49,0,0,0,1640.1,1.41,0.489,0.95,2M ZnSO4,Nickel foam,2,1.6,15,58.4
5.49,2.86,1.36,0,0,1590.46,1.32,0.064516129,0.71,1M ZnSO4,stainless-steel ,1,1.6,2,58.8
4.3,0,0,0,0,1655,0.81,2.522,1.05,1M ZnSO4,stainless-steel mesh,2,1.6,2,59.1
9.33,6.25,0,0,0,1021,1.07,1.89,0.84,3M Zn(CF3SO3)2,stainless-steel mesh,10,1.8,20,59.1
18.15,3.51,0,0,0,648.22,0.32,4.516,1.01,2M ZnSO4,Ti foil,2,1.8,3,59.2
15.55,2.61,0,0,0,3139.2,1.74,1.26,1.02,2M ZnSO4,graphite paper,1,1.6,100,59.4
5.68,1.49,0,0,0,1640.1,1.41,0.489,0.95,2M ZnSO4,Nickel foam,2,1.6,10,59.5
11.18,2.79,0,0.77,0,599.3,0.276,2.366,0.81,1M ZnSO4,stainless-steel,,1.6,0.5,59.8
6.42,2.75,0,0,0,1301.6,3.04,0.074,0.92,2M ZnSO4,stainless-steel mesh,2.5,1.6,0.5,59.8
17.66,3.01,0,1.12,0,508,0.34,0.099,0.86,1M Zn(CF3SO3)2,stainless-steel mesh,2.5,1.8,0.25,60.1
10.72,2.83,0,0.63,0,909,0.44,13.667,0.93,2M ZnSO4,carbon paper,1.2,1.7,1,60.2
4.81,1.09,0,0,0,972.4,1.67,0.21,0.82,2M ZnSO4,stainless-steel mesh,2.5,1.6,10,60.3
9.3,0,0,0,0,950,0.784,1.143,1.18,1M ZnSO4,stainless-steel mesh,1.2,1.6,15,60.5
10.8,5.7,0,0,0,1454,0.83,0.122,1.05,2M ZnSO4,stainless-steel mesh,1,1.6,5,60.7
6.99,1.59,0,0,0,2465.9,1.29,1.115,0.912,2M ZnSO4,nickel foam,2,1.8,1,60.8
9.92,0,0,0,0,1667.3,1.23,1.14,1.1,2M ZnSO4,stainless-steel mesh,,1.6,20,61
4.43,2.62,0,0,2.14,2038,1.29,0.497,1.12,1M ZnSO4,freestanding,1.77,1.6,10,61
9.71,5.41,0,0,0,670,0.72,3.071,1.89,3M Zn(CF3SO3)2,stainless-steel mesh,,1.7,5,61.1
3.37,0,0,0,0,3252.6,3.428,0.110463233,1.02,1M Zn(CF3SO3)2,stainless-steel mesh,1,1.6,20,61.2
14.9,3.1,0,0,0,620,0.86,0.178,0.962,1M ZnSO4,stainless-steel mesh,2,1.6,1,61.7
11.5,6.7,0,0,0,642,1.03,0.17,0.964,1M ZnSO4,stainless-steel mesh,2,1.6,5,61.7
6.8,0,0,0,0,1410,0.77,1.75,1.09,1M ZnSO4,stainless-steel mesh,2,1.6,100,61.8
4.41,12.14,0,0,0,494,0.27,1.7,3.1,2M ZnSO4,stainless-steel ,1,1.6,20,61.8
6.3,0,0,0,0,1886,0.93,2.444,1.04,1M ZnSO4,stainless-steel mesh,2,1.6,5,62.2
9.44,0.8,0,0,0,2295.3,1.63,1.264,1.18,2M ZnSO4,stainless-steel mesh,,1.6,20,62.2
10.72,2.83,0,0.63,0,909,0.44,13.667,0.93,3M ZnSO4,carbon paper,1.2,1.7,0.5,62.4
5.68,1.49,0,0,0,1640.1,1.41,0.489,0.95,2M ZnSO4,Nickel foam,2,1.6,5,62.4
11.2,4.2,0,0,0,697,0.83,0.277,0.958,1M ZnSO4,stainless-steel mesh,2,1.6,0.5,62.4
5.49,2.86,1.36,0,0,1590.46,1.32,0.064516129,0.71,1M ZnSO4,stainless-steel ,1,1.6,1,63
1.9,1.3,0,0,0,1317.4,1.384,0.126118796,1.05,1M Zn(CF3SO3)2,stainless-steel mesh,1,1.6,30,63.1
5.51,5.19,0,0,0,642,0.58,0.184,3.5,2M ZnSO4,stainless-steel ,1,1.6,40,63.3
15.17,1.8,0,0,0,225.22,0.1,6.714,1.08,2M ZnSO4,Ti foil,2,1.8,0.2,63.4
7.21,3.67,0,0,0,1777,1.56,2.308,2,3M Zn(CF3SO3)2,stainless-steel mesh,,1.7,50,64.2
10.72,2.83,0,0.63,0,909,0.44,13.667,0.93,1M ZnSO4,carbon paper,1.2,1.7,0.5,64.3
4.3,0,0,0,0,1655,0.81,2.522,1.05,1M ZnSO4,stainless-steel mesh,2,1.6,1,64.4
21.55,3.29,0,0,0,1140.8,0.86,0.157,0.82,1M Zn(CF3SO3)2,stainless-steel mesh,2.5,1.8,2,64.8
5.49,2.86,1.36,0,0,1590.46,1.32,0.064516129,0.71,1M ZnSO4,stainless-steel ,1,1.6,0.8,64.9
6.99,1.59,0,0,0,2465.9,1.29,1.115,0.912,2M ZnSO4,nickel foam,2,1.8,0.5,65
5.68,1.49,0,0,0,1640.1,1.41,0.489,0.95,2M ZnSO4,Nickel foam,2,1.6,3,65.1
4.89,1.74,0,0,0,1666.8,2.42,0.136,0.88,2M ZnSO4,stainless-steel mesh,2.5,1.6,50,65.2
7.41,0.53,0,0,0,1398.16,0.79,2.038461538,0.7,1M ZnSO4,stainless-steel ,1,1.6,10,65.7
8.2,0,0,0,0,1500,0.78,2.25,1.01,1M ZnSO4,stainless-steel mesh,2,1.6,10,65.8
9.53,0,0,2.59,0,1886.8,1.23,1.278,1.13,2M ZnSO4,stainless-steel mesh,,1.6,20,66
8.2,5.3,0,0,0,879,0.447,1.54,2.27,2M ZnSO4,stainless-steel foil,1,1.6,10,66.5
11.57,0,0,0,0,2085.1,1.72,0.194,0.86,2M ZnSO4,freestanding,2,1.6,20,66.7
7.21,3.67,0,0,0,1777,1.56,2.308,2,3M Zn(CF3SO3)2,stainless-steel mesh,,1.7,40,66.9
15.55,2.61,0,0,0,3139.2,1.74,1.26,1.02,2M ZnSO4,graphite paper,1,1.6,70,66.9
10.8,5.7,0,0,0,1454,0.83,0.122,1.05,2M ZnSO4,stainless-steel mesh,1,1.6,3,67
6.3,0,0,0,0,1886,0.93,2.444,1.04,1M ZnSO4,stainless-steel mesh,2,1.6,2,67.1
9.3,0,0,0,0,950,0.784,1.143,1.18,1M ZnSO4,stainless-steel mesh,1.2,1.6,10,67.1
4.2,6.3,0,0,0,543,0.9,0.125,0.99,2M ZnSO4,stainless-steel mesh,1,1.6,10,67.2
7.41,0.53,0,0,0,1398.16,0.79,2.038461538,0.7,1M ZnSO4,stainless-steel ,1,1.6,8,67.5
5.68,1.49,0,0,0,1640.1,1.41,0.489,0.95,2M ZnSO4,Nickel foam,2,1.6,2,67.6
6.42,2.75,0,0,0,1301.6,3.04,0.074,0.92,2M ZnSO4,stainless-steel mesh,2.5,1.6,0.2,67.8
6.15,13.57,0,0,0,1274.8,0.551,2.51,1.97,2M ZnSO4,stainless-steel mesh,1,1.6,10,67.9
3.37,0,0,0,0,3252.6,3.428,0.110463233,1.02,1M Zn(CF3SO3)2,stainless-steel mesh,1,1.6,10,67.9
9.92,0,0,0,0,1667.3,1.23,1.14,1.1,2M ZnSO4,stainless-steel mesh,,1.6,10,68.2
4.43,2.62,0,0,2.14,2038,1.29,0.497,1.12,1M ZnSO4,freestanding,1.77,1.6,5,68.2
9.71,5.41,0,0,0,670,0.72,3.071,1.89,3M Zn(CF3SO3)2,stainless-steel mesh,,1.7,2,68.4
4.81,1.09,0,0,0,972.4,1.67,0.21,0.82,2M ZnSO4,stainless-steel mesh,2.5,1.6,5,68.5
6.99,1.59,0,0,0,2465.9,1.29,1.115,0.912,2M ZnSO4,nickel foam,2,1.8,0.3,68.7
4.89,1.74,0,0,0,1666.8,2.42,0.136,0.88,2M ZnSO4,stainless-steel mesh,2.5,1.6,40,68.8
11.57,0,0,0,0,2085.1,1.72,0.194,0.86,2M ZnSO4,freestanding,2,1.6,15,68.9
4.41,12.14,0,0,0,494,0.27,1.7,3.1,2M ZnSO4,stainless-steel ,1,1.6,10,69
11.5,6.7,0,0,0,642,1.03,0.17,0.964,1M ZnSO4,stainless-steel mesh,2,1.6,2,69.1
17.66,3.01,0,1.12,0,508,0.34,0.099,0.86,1M Zn(CF3SO3)2,stainless-steel mesh,2.5,1.8,0.1,69.1
5.49,2.86,1.36,0,0,1590.46,1.32,0.064516129,0.71,1M ZnSO4,stainless-steel ,1,1.6,0.5,69.1
14.9,3.1,0,0,0,620,0.86,0.178,0.962,1M ZnSO4,stainless-steel mesh,2,1.6,0.5,69.7
10.45,2.44,0,0,0,2993.2,1.71,1.138,0.91,2M ZnSO4,graphite paper,1,1.6,100,70.2
11.18,2.79,0,0.77,0,599.3,0.276,2.366,0.81,1M ZnSO4,stainless-steel,,1.6,0.2,70.3
21.55,3.29,0,0,0,1140.8,0.86,0.157,0.82,1M Zn(CF3SO3)2,stainless-steel mesh,2.5,1.8,1,70.3
18.15,3.51,0,0,0,648.22,0.32,4.516,1.01,2M ZnSO4,Ti foil,2,1.8,2,70.5
4.81,1.09,0,0,0,972.4,1.67,0.21,0.82,2M ZnSO4,stainless-steel mesh,2.5,1.6,4,70.8
5.5,2.53,0,0,0,947,0.54,1,0.855,1M ZnSO4,stainless-steel foil,,1.6,20,71
8.2,0,0,0,0,1500,0.78,2.25,1.01,1M ZnSO4,stainless-steel mesh,2,1.6,5,71.1
7.41,0.53,0,0,0,1398.16,0.79,2.038461538,0.7,1M ZnSO4,stainless-steel ,1,1.6,5,71.3
5.68,1.49,0,0,0,1640.1,1.41,0.489,0.95,2M ZnSO4,Nickel foam,2,1.6,1,71.6
1.9,1.3,0,0,0,1317.4,1.384,0.126118796,1.05,1M Zn(CF3SO3)2,stainless-steel mesh,1,1.6,20,71.9
6.8,0,0,0,0,1410,0.77,1.75,1.09,1M ZnSO4,stainless-steel mesh,2,1.6,50,72
9.3,0,0,0,0,950,0.784,1.143,1.18,1M ZnSO4,stainless-steel mesh,1.2,1.6,7,72
10.8,5.7,0,0,0,1454,0.83,0.122,1.05,2M ZnSO4,stainless-steel mesh,1,1.6,2,72.2
7.21,3.67,0,0,0,1777,1.56,2.308,2,3M Zn(CF3SO3)2,stainless-steel mesh,,1.7,20,72.3
2.75,0.95,0,0,0,1687.1,1.75,0.101321586,1.11,1M Zn(CF3SO3)2,stainless-steel mesh,1,1.6,30,72.4
9.71,5.41,0,0,0,670,0.72,3.071,1.89,3M Zn(CF3SO3)2,stainless-steel mesh,,1.7,1,72.7
20.61,3.95,0,0,0,544.83,0.26,4.783,0.96,2M ZnSO4,Ti foil,2,1.8,1,72.9
3.37,0,0,0,0,3252.6,3.428,0.110463233,1.02,1M Zn(CF3SO3)2,stainless-steel mesh,1,1.6,8,73
10.36,3.74,1.11,0,0,803.95,0.53,1.944444444,0.75,1M ZnSO4,stainless-steel ,1,1.6,10,73.1
6.99,1.59,0,0,0,2465.9,1.29,1.115,0.912,2M ZnSO4,nickel foam,2,1.8,0.2,73.1
11.2,4.2,0,0,0,697,0.83,0.277,0.958,1M ZnSO4,stainless-steel mesh,2,1.6,0.2,73.1
4.3,0,0,0,0,1655,0.81,2.522,1.05,1M ZnSO4,stainless-steel mesh,2,1.6,0.5,73.3
4.89,1.74,0,0,0,1666.8,2.42,0.136,0.88,2M ZnSO4,stainless-steel mesh,2.5,1.6,30,73.3
7.48,2.67,0,0,0,3553.1,2.071,0.363,2.79,2M ZnSO4,stainless-steel mesh,45,1.6,0.5,73.5
11.57,0,0,0,0,2085.1,1.72,0.194,0.86,2M ZnSO4,freestanding,2,1.6,10,73.5
12.89,3.05,0,0,0,3224.9,1.93,0.93,0.94,2M ZnSO4,graphite paper,1,1.6,100,73.8
5.51,5.19,0,0,0,642,0.58,0.184,3.5,2M ZnSO4,stainless-steel ,1,1.6,20,73.8
6.98,2.3,0,0,0,2353,2.14,0.779,2.18,3M Zn(CF3SO3)2,stainless-steel mesh,,1.7,50,73.9
4.81,1.09,0,0,0,972.4,1.67,0.21,0.82,2M ZnSO4,stainless-steel mesh,2.5,1.6,3,74.2
9.44,0.8,0,0,0,2295.3,1.63,1.264,1.18,2M ZnSO4,stainless-steel mesh,,1.6,10,74.4
4.43,2.62,0,0,2.14,2038,1.29,0.497,1.12,1M ZnSO4,freestanding,1.77,1.6,2,74.7
7.41,0.53,0,0,0,1398.16,0.79,2.038461538,0.7,1M ZnSO4,stainless-steel ,1,1.6,2,75
11.92,0,0,0,0,2228,1.07,1.488,1.5,1M ZnSO4,stainless-steel foil,2,1.75,10,75
11.5,6.7,0,0,0,642,1.03,0.17,0.964,1M ZnSO4,stainless-steel mesh,2,1.6,1,75
9.3,0,0,0,0,950,0.784,1.143,1.18,1M ZnSO4,stainless-steel mesh,1.2,1.6,5,75.2
10.72,2.83,0,0.63,0,909,0.44,13.667,0.93,2M ZnSO4,carbon paper,1.2,1.7,0.5,75.6
9.92,0,0,0,0,1667.3,1.23,1.14,1.1,2M ZnSO4,stainless-steel mesh,,1.6,5,75.8
3.67,0,0,0,2.71,1175,0.71,1.367,0.858,1M ZnSO4,stainless-steel foil,,1.6,20,75.9
6.3,0,0,0,0,1886,0.93,2.444,1.04,1M ZnSO4,stainless-steel mesh,2,1.6,1,76
9.33,6.25,0,0,0,1021,1.07,1.89,0.84,3M Zn(CF3SO3)2,stainless-steel mesh,10,1.8,10,76
8.2,5.3,0,0,0,879,0.447,1.54,2.27,2M ZnSO4,stainless-steel foil,1,1.6,5,76.1
6.98,2.3,0,0,0,2353,2.14,0.779,2.18,3M Zn(CF3SO3)2,stainless-steel mesh,,1.7,40,76.1
3.37,0,0,0,0,3252.6,3.428,0.110463233,1.02,1M Zn(CF3SO3)2,stainless-steel mesh,1,1.6,5,76.2
5.68,1.49,0,0,0,1640.1,1.41,0.489,0.95,2M ZnSO4,Nickel foam,2,1.6,0.5,76.3
8.2,0,0,0,0,1500,0.78,2.25,1.01,1M ZnSO4,stainless-steel mesh,2,1.6,2,76.4
4.89,1.74,0,0,0,1666.8,2.42,0.136,0.88,2M ZnSO4,stainless-steel mesh,2.5,1.6,20,76.6
10.36,3.74,1.11,0,0,803.95,0.53,1.944444444,0.75,1M ZnSO4,stainless-steel ,1,1.6,8,77.1
9.92,0,0,0,0,1667.3,1.23,1.14,1.1,2M ZnSO4,stainless-steel mesh,,1.6,4,77.2
4.41,12.14,0,0,0,494,0.27,1.7,3.1,2M ZnSO4,stainless-steel ,1,1.6,5,77.6
7.21,3.67,0,0,0,1777,1.56,2.308,2,3M Zn(CF3SO3)2,stainless-steel mesh,,1.7,10,77.7
7.41,0.53,0,0,0,1398.16,0.79,2.038461538,0.7,1M ZnSO4,stainless-steel ,1,1.6,1,77.9
6.82,2.11,0,0,0,3407.6,1.953,0.416,2.41,2M ZnSO4,stainless-steel mesh,1,1.6,60,77.9
4.81,1.09,0,0,0,972.4,1.67,0.21,0.82,2M ZnSO4,stainless-steel mesh,2.5,1.6,2,78.2
11.57,0,0,0,0,2085.1,1.72,0.194,0.86,2M ZnSO4,freestanding,2,1.6,5,78.2
4.2,6.3,0,0,0,543,0.9,0.125,0.99,2M ZnSO4,stainless-steel mesh,1,1.6,5,78.4
9.53,0,0,2.59,0,1886.8,1.23,1.278,1.13,2M ZnSO4,stainless-steel mesh,,1.6,10,78.5
5.52,0.89,0,0,0,2276,1.331,0.265,0.872,1M ZnSO4,stainless-steel mesh,2,1.6,20,78.5
9.3,0,0,0,0,950,0.784,1.143,1.18,1M ZnSO4,stainless-steel mesh,1.2,1.6,4,78.7
6.8,0,0,0,0,1410,0.77,1.75,1.09,1M ZnSO4,stainless-steel mesh,2,1.6,20,79.1
11.18,2.79,0,0.77,0,599.3,0.276,2.366,0.81,1M ZnSO4,stainless-steel,,1.6,0.1,79.4
10.45,2.44,0,0,0,2993.2,1.71,1.138,0.91,2M ZnSO4,graphite paper,1,1.6,70,79.4
1.9,1.3,0,0,0,1317.4,1.384,0.126118796,1.05,1M Zn(CF3SO3)2,stainless-steel mesh,1,1.6,10,79.6
9.71,5.41,0,0,0,670,0.72,3.071,1.89,3M Zn(CF3SO3)2,stainless-steel mesh,,1.7,0.5,79.7
9.92,0,0,0,0,1667.3,1.23,1.14,1.1,2M ZnSO4,stainless-steel mesh,,1.6,3,79.8
21.55,3.29,0,0,0,1140.8,0.86,0.157,0.82,1M Zn(CF3SO3)2,stainless-steel mesh,2.5,1.8,0.5,79.9
2.75,0.95,0,0,0,1687.1,1.75,0.101321586,1.11,1M Zn(CF3SO3)2,stainless-steel mesh,1,1.6,20,79.9
3.37,0,0,0,0,3252.6,3.428,0.110463233,1.02,1M Zn(CF3SO3)2,stainless-steel mesh,1,1.6,3,80.1
7.41,0.53,0,0,0,1398.16,0.79,2.038461538,0.7,1M ZnSO4,stainless-steel ,1,1.6,0.8,80.3
4.43,2.62,0,0,2.14,2038,1.29,0.497,1.12,1M ZnSO4,freestanding,1.77,1.6,1,80.3
8.2,0,0,0,0,1500,0.78,2.25,1.01,1M ZnSO4,stainless-steel mesh,2,1.6,1,80.4
4.89,1.74,0,0,0,1666.8,2.42,0.136,0.88,2M ZnSO4,stainless-steel mesh,2.5,1.6,15,80.8
5.68,1.49,0,0,0,1640.1,1.41,0.489,0.95,2M ZnSO4,Nickel foam,2,1.6,0.3,81
9.64,3.44,0,0,0,1624,0.918,1.878,0.999,1M ZnSO4,stainless-steel mesh,2,1.6,20,81.1
9.05,1.32,0,1.67,0,2773,1.91,1.358,1.19,2M ZnSO4,stainless-steel mesh,,1.6,20,81.6
6.98,2.3,0,0,0,2353,2.14,0.779,2.18,3M Zn(CF3SO3)2,stainless-steel mesh,,1.7,20,81.6
10.8,5.7,0,0,0,1454,0.83,0.122,1.05,2M ZnSO4,stainless-steel mesh,1,1.6,1,81.7
6.3,0,0,0,0,1886,0.93,2.444,1.04,1M ZnSO4,stainless-steel mesh,2,1.6,0.5,81.8
11.57,0,0,0,0,2085.1,1.72,0.194,0.86,2M ZnSO4,freestanding,2,1.6,3,81.9
9.3,0,0,0,0,950,0.784,1.143,1.18,1M ZnSO4,stainless-steel mesh,1.2,1.6,3,82
6.75,2.16,1.16,0,0,2363.18,1.33,0.6625,0.79,1M ZnSO4,stainless-steel ,1,1.6,10,82
8,8.12,0,0,0,1685,1.2,0.508,0.85,3M Zn(CF3SO3)2,stainless-steel mesh,10,1.8,20,82.3
5.52,0.89,0,0,0,2276,1.331,0.265,0.872,1M ZnSO4,stainless-steel mesh,2,1.6,5,82.4
1.9,1.3,0,0,0,1317.4,1.384,0.126118796,1.05,1M Zn(CF3SO3)2,stainless-steel mesh,1,1.6,8,82.4
7.87,1.93,0,4,0,3082,1.42,1.152,1.72,2M ZnSO4,stainless-steel mesh,,1.6,5,82.7
11.79,1.98,0,0.24,0,1613.9,0.93,11.4,0.98,1M Zn(CF3SO3)2,stainless-steel mesh,10,1.8,50,83
14.9,3.1,0,0,0,620,0.86,0.178,0.962,1M ZnSO4,stainless-steel mesh,2,1.6,0.2,83
7.21,3.67,0,0,0,1777,1.56,2.308,2,3M Zn(CF3SO3)2,stainless-steel mesh,,1.7,5,83.1
1.91,2.99,0,0,0,2330.9,2.756,0.105052125,1.24,1M Zn(CF3SO3)2,stainless-steel mesh,1,1.6,30,83.1
3,0,2.19,0,0,614.34,0.9263,0.947,1.01,2M ZnSO4,Ti foil,1.2,1.6,0.1,83.2
5.51,5.19,0,0,0,642,0.58,0.184,3.5,2M ZnSO4,stainless-steel ,1,1.6,10,83.2
4.89,1.74,0,0,0,1666.8,2.42,0.136,0.88,2M ZnSO4,stainless-steel mesh,2.5,1.6,10,83.3
6.75,2.16,1.16,0,0,2363.18,1.33,0.6625,0.79,1M ZnSO4,stainless-steel ,1,1.6,8,83.9
7.41,0.53,0,0,0,1398.16,0.79,2.038461538,0.7,1M ZnSO4,stainless-steel ,1,1.6,0.5,84
11.92,0,0,0,0,2228,1.07,1.488,1.5,1M ZnSO4,stainless-steel foil,2,1.75,5,84
9.44,0.8,0,0,0,2295.3,1.63,1.264,1.18,2M ZnSO4,stainless-steel mesh,,1.6,5,84
5.49,2.86,1.36,0,0,1590.46,1.32,0.064516129,0.71,1M ZnSO4,stainless-steel ,1,1.6,0.2,84
15.55,2.61,0,0,0,3139.2,1.74,1.26,1.02,2M ZnSO4,graphite paper,1,1.6,50,84.2
9.92,0,0,0,0,1667.3,1.23,1.14,1.1,2M ZnSO4,stainless-steel mesh,,1.6,2,84.3
11.5,6.7,0,0,0,642,1.03,0.17,0.964,1M ZnSO4,stainless-steel mesh,2,1.6,0.5,84.3
15.17,1.8,0,0,0,225.22,0.1,6.714,1.08,2M ZnSO4,Ti foil,2,1.8,0.1,84.5
5.68,1.49,0,0,0,1640.1,1.41,0.489,0.95,2M ZnSO4,Nickel foam,2,1.6,0.2,84.6
9.64,3.44,0,0,0,1624,0.918,1.878,0.999,1M ZnSO4,stainless-steel mesh,2,1.6,5,84.8
4.81,1.09,0,0,0,972.4,1.67,0.21,0.82,2M ZnSO4,stainless-steel mesh,2.5,1.6,1,84.9
11.57,0,0,0,0,2085.1,1.72,0.194,0.86,2M ZnSO4,freestanding,2,1.6,2,84.9
4.2,6.3,0,0,0,543,0.9,0.125,0.99,2M ZnSO4,stainless-steel mesh,1,1.6,3,84.9
7.15,3.52,0,0,0,1546.1,0.5753,14.558,1.029,2M ZnSO4,carbon cloth,1,1.6,0.1,85
4.43,2.62,0,0,2.14,2038,1.29,0.497,1.12,1M ZnSO4,freestanding,1.77,1.6,0.5,85.3
7.48,2.67,0,0,0,3553.1,2.071,0.363,2.79,2M ZnSO4,stainless-steel mesh,30,1.6,0.5,85.3
8.06,0,0,0,0,1020,0.721,1.36,1.1,1M ZnSO4,stainless-steel mesh,1.2,1.6,20,85.5
10.36,3.74,1.11,0,0,803.95,0.53,1.944444444,0.75,1M ZnSO4,stainless-steel ,1,1.6,5,85.6
9.33,6.25,0,0,0,1021,1.07,1.89,0.84,3M Zn(CF3SO3)2,stainless-steel mesh,10,1.8,5,85.6
6.8,0,0,0,0,1410,0.77,1.75,1.09,1M ZnSO4,stainless-steel mesh,2,1.6,10,85.8
6.99,1.59,0,0,0,2465.9,1.29,1.115,0.912,2M ZnSO4,nickel foam,2,1.8,0.1,85.9
6.98,2.3,0,0,0,2353,2.14,0.779,2.18,3M Zn(CF3SO3)2,stainless-steel mesh,,1.7,10,86.2
21.55,3.29,0,0,0,1140.8,0.86,0.157,0.82,1M Zn(CF3SO3)2,stainless-steel mesh,2.5,1.8,0.25,86.3
9.44,0.8,0,0,0,2295.3,1.63,1.264,1.18,2M ZnSO4,stainless-steel mesh,,1.6,4,86.4
16.08,2.82,0,1.78,0,1384.7,0.97,0.17,0.89,1M Zn(CF3SO3)2,stainless-steel mesh,2.5,1.8,20,86.5
20.61,3.95,0,0,0,544.83,0.26,4.783,0.96,2M ZnSO4,Ti foil,2,1.8,0.5,86.7
6.75,2.16,1.16,0,0,2363.18,1.33,0.6625,0.79,1M ZnSO4,stainless-steel ,1,1.6,5,86.7
18.15,3.51,0,0,0,648.22,0.32,4.516,1.01,2M ZnSO4,Ti foil,2,1.8,1,86.8
5.52,0.89,0,0,0,2276,1.331,0.265,0.872,1M ZnSO4,stainless-steel mesh,2,1.6,2,86.8
9.3,0,0,0,0,950,0.784,1.143,1.18,1M ZnSO4,stainless-steel mesh,1.2,1.6,2,86.9
9.53,0,0,2.59,0,1886.8,1.23,1.278,1.13,2M ZnSO4,stainless-steel mesh,,1.6,5,87
11.74,6.67,0,0,4.7,1702,1.29,0.675,4.4,2M ZnSO4,stainless-steel ,40,1.6,0.2,87.7
6.15,13.57,0,0,0,1274.8,0.551,2.51,1.97,2M ZnSO4,stainless-steel mesh,1,1.6,5,87.8
2.75,0.95,0,0,0,1687.1,1.75,0.101321586,1.11,1M Zn(CF3SO3)2,stainless-steel mesh,1,1.6,10,88.5
1.9,1.3,0,0,0,1317.4,1.384,0.126118796,1.05,1M Zn(CF3SO3)2,stainless-steel mesh,1,1.6,5,88.7
9.05,1.32,0,1.67,0,2773,1.91,1.358,1.19,2M ZnSO4,stainless-steel mesh,,1.6,10,88.8
12.89,3.05,0,0,0,3224.9,1.93,0.93,0.94,2M ZnSO4,graphite paper,1,1.6,70,88.8
1.91,2.99,0,0,0,2330.9,2.756,0.105052125,1.24,1M Zn(CF3SO3)2,stainless-steel mesh,1,1.6,20,88.9
8.2,0,0,0,0,1500,0.78,2.25,1.01,1M ZnSO4,stainless-steel mesh,2,1.6,0.5,89.3
4.41,12.14,0,0,0,494,0.27,1.7,3.1,2M ZnSO4,stainless-steel ,1,1.6,2,89.3
3.37,0,0,0,0,3252.6,3.428,0.110463233,1.02,1M Zn(CF3SO3)2,stainless-steel mesh,1,1.6,1,89.5
4.2,6.3,0,0,0,543,0.9,0.125,0.99,2M ZnSO4,stainless-steel mesh,1,1.6,2,89.8
9.53,0,0,2.59,0,1886.8,1.23,1.278,1.13,2M ZnSO4,stainless-steel mesh,,1.6,4,89.9
7.87,1.93,0,4,0,3082,1.42,1.152,1.72,2M ZnSO4,stainless-steel mesh,,1.6,3,89.9
4.89,1.74,0,0,0,1666.8,2.42,0.136,0.88,2M ZnSO4,stainless-steel mesh,2.5,1.6,5,89.9
9.44,0.8,0,0,0,2295.3,1.63,1.264,1.18,2M ZnSO4,stainless-steel mesh,,1.6,3,90
5.52,0.89,0,0,0,2276,1.331,0.265,0.872,1M ZnSO4,stainless-steel mesh,2,1.6,1,90
2.75,0.95,0,0,0,1687.1,1.75,0.101321586,1.11,1M Zn(CF3SO3)2,stainless-steel mesh,1,1.6,8,90
7.21,3.67,0,0,0,1777,1.56,2.308,2,3M Zn(CF3SO3)2,stainless-steel mesh,,1.7,2,90.1
21.55,3.29,0,0,0,1140.8,0.86,0.157,0.82,1M Zn(CF3SO3)2,stainless-steel mesh,2.5,1.8,0.1,90.2
9.64,3.44,0,0,0,1624,0.918,1.878,0.999,1M ZnSO4,stainless-steel mesh,2,1.6,2,90.4
5.51,5.19,0,0,0,642,0.58,0.184,3.5,2M ZnSO4,stainless-steel ,1,1.6,5,90.9
10.45,2.44,0,0,0,2993.2,1.71,1.138,0.91,2M ZnSO4,graphite paper,1,1.6,50,91
4.81,1.09,0,0,0,972.4,1.67,0.21,0.82,2M ZnSO4,stainless-steel mesh,2.5,1.6,0.5,91
11.57,0,0,0,0,2085.1,1.72,0.194,0.86,2M ZnSO4,freestanding,2,1.6,1,91.1
4.89,1.74,0,0,0,1666.8,2.42,0.136,0.88,2M ZnSO4,stainless-steel mesh,2.5,1.6,4,91.1
8.06,0,0,0,0,1020,0.721,1.36,1.1,1M ZnSO4,stainless-steel mesh,1.2,1.6,15,91.3
6.98,2.3,0,0,0,2353,2.14,0.779,2.18,3M Zn(CF3SO3)2,stainless-steel mesh,,1.7,5,91.6
1.9,1.3,0,0,0,1317.4,1.384,0.126118796,1.05,1M Zn(CF3SO3)2,stainless-steel mesh,1,1.6,3,91.6
9.71,5.41,0,0,0,670,0.72,3.071,1.89,3M Zn(CF3SO3)2,stainless-steel mesh,,1.7,0.2,92.4
6.8,0,0,0,0,1410,0.77,1.75,1.09,1M ZnSO4,stainless-steel mesh,2,1.6,5,92.4
9.92,0,0,0,0,1667.3,1.23,1.14,1.1,2M ZnSO4,stainless-steel mesh,,1.6,1,92.4
11.2,4.2,0,0,0,697,0.83,0.277,0.958,1M ZnSO4,stainless-steel mesh,2,1.6,0.1,92.4
2.75,0.95,0,0,0,1687.1,1.75,0.101321586,1.11,1M Zn(CF3SO3)2,stainless-steel mesh,1,1.6,5,92.4
6.75,2.16,1.16,0,0,2363.18,1.33,0.6625,0.79,1M ZnSO4,stainless-steel ,1,1.6,2,92.6
20.61,3.95,0,0,0,544.83,0.26,4.783,0.96,2M ZnSO4,Ti foil,2,1.8,0.4,93
6.96,0,0,0,0,829,0.49,0.581,0.852,1M ZnSO4,stainless-steel foil,,1.6,0.5,93.3
5.68,1.49,0,0,0,1640.1,1.41,0.489,0.95,2M ZnSO4,Nickel foam,2,1.6,0.1,93.3
9.53,0,0,2.59,0,1886.8,1.23,1.278,1.13,2M ZnSO4,stainless-steel mesh,,1.6,3,93.4
11.74,6.67,0,0,4.7,1702,1.29,0.675,4.4,2M ZnSO4,stainless-steel ,1,1.6,80,93.4
4.43,2.62,0,0,2.14,2038,1.29,0.497,1.12,1M ZnSO4,freestanding,1.77,1.6,0.2,93.7
7.21,3.67,0,0,0,1777,1.56,2.308,2,3M Zn(CF3SO3)2,stainless-steel mesh,,1.7,1,93.9
8.42,1.64,0,0,0,1949,1.133,0.845,0.917,1M ZnSO4,stainless-steel mesh,10,1.6,20,94
7.48,2.67,0,0,0,3553.1,2.071,0.363,2.79,2M ZnSO4,stainless-steel mesh,20,1.6,0.5,94
9.33,6.25,0,0,0,1021,1.07,1.89,0.84,3M Zn(CF3SO3)2,stainless-steel mesh,10,1.8,2,94.2
15.55,2.61,0,0,0,3139.2,1.74,1.26,1.02,2M ZnSO4,graphite paper,1,1.6,20,94.2
3.37,0,0,0,0,3252.6,3.428,0.110463233,1.02,1M Zn(CF3SO3)2,stainless-steel mesh,1,1.6,0.5,94.2
9.44,0.8,0,0,0,2295.3,1.63,1.264,1.18,2M ZnSO4,stainless-steel mesh,,1.6,2,94.5
16.08,2.82,0,1.78,0,1384.7,0.97,0.17,0.89,1M Zn(CF3SO3)2,stainless-steel mesh,2.5,1.8,10,94.5
1.91,2.99,0,0,0,2330.9,2.756,0.105052125,1.24,1M Zn(CF3SO3)2,stainless-steel mesh,1,1.6,10,94.5
7.41,0.53,0,0,0,1398.16,0.79,2.038461538,0.7,1M ZnSO4,stainless-steel ,1,1.6,0.2,94.6
9.64,3.44,0,0,0,1624,0.918,1.878,0.999,1M ZnSO4,stainless-steel mesh,2,1.6,1,94.6
9.05,1.32,0,1.67,0,2773,1.91,1.358,1.19,2M ZnSO4,stainless-steel mesh,,1.6,5,95
6.89,1.57,1.05,0,0,1678.38,1.04,1.08,0.82,1M ZnSO4,stainless-steel ,1,1.6,10,95.2
8,8.12,0,0,0,1685,1.2,0.508,0.85,3M Zn(CF3SO3)2,stainless-steel mesh,10,1.8,10,95.5
5.52,0.89,0,0,0,2276,1.331,0.265,0.872,1M ZnSO4,stainless-steel mesh,2,1.6,0.5,95.6
4.89,1.74,0,0,0,1666.8,2.42,0.136,0.88,2M ZnSO4,stainless-steel mesh,2.5,1.6,3,95.6
9.3,0,0,0,0,950,0.784,1.143,1.18,1M ZnSO4,stainless-steel mesh,1.2,1.6,1,96.6
2.75,0.95,0,0,0,1687.1,1.75,0.101321586,1.11,1M Zn(CF3SO3)2,stainless-steel mesh,1,1.6,3,96.6
10.36,3.74,1.11,0,0,803.95,0.53,1.944444444,0.75,1M ZnSO4,stainless-steel ,1,1.6,2,96.7
6.2,1.6,0,0,0,2691.3,1.77,0.487,1.088,2M ZnSO4,stainless-steel mesh,1.1,1.79,20,96.7
9.05,1.32,0,1.67,0,2773,1.91,1.358,1.19,2M ZnSO4,stainless-steel mesh,,1.6,4,97.1
15.55,2.61,0,0,0,3139.2,1.74,1.26,1.02,2M ZnSO4,graphite paper,1,1.6,14,97.2
7.87,1.93,0,4,0,3082,1.42,1.152,1.72,2M ZnSO4,stainless-steel mesh,,1.6,2,97.2
9.53,0,0,2.59,0,1886.8,1.23,1.278,1.13,2M ZnSO4,stainless-steel mesh,,1.6,2,97.5
1.91,2.99,0,0,0,2330.9,2.756,0.105052125,1.24,1M Zn(CF3SO3)2,stainless-steel mesh,1,1.6,8,97.5
4.2,6.3,0,0,0,543,0.9,0.125,0.99,2M ZnSO4,stainless-steel mesh,1,1.6,1,97.8
11.92,0,0,0,0,2228,1.07,1.488,1.5,1M ZnSO4,stainless-steel foil,2,1.75,2,98
10.8,5.7,0,0,0,1454,0.83,0.122,1.05,2M ZnSO4,stainless-steel mesh,1,1.6,0.5,98
4.41,12.14,0,0,0,494,0.27,1.7,3.1,2M ZnSO4,stainless-steel ,1,1.6,1,98.1
3.37,0,0,0,0,3252.6,3.428,0.110463233,1.02,1M Zn(CF3SO3)2,stainless-steel mesh,1,1.6,0.3,98.2
11.57,0,0,0,0,2085.1,1.72,0.194,0.86,2M ZnSO4,freestanding,2,1.6,0.5,98.3
10.72,2.83,0,0.63,0,909,0.44,13.667,0.93,1M ZnSO4,carbon paper,1.2,1.7,0.1,98.4
18.15,3.51,0,0,0,648.22,0.32,4.516,1.01,2M ZnSO4,Ti foil,2,1.8,0.5,98.5
6.89,1.57,1.05,0,0,1678.38,1.04,1.08,0.82,1M ZnSO4,stainless-steel ,1,1.6,8,98.6
6.75,2.16,1.16,0,0,2363.18,1.33,0.6625,0.79,1M ZnSO4,stainless-steel ,1,1.6,1,99.2
6.98,2.3,0,0,0,2353,2.14,0.779,2.18,3M Zn(CF3SO3)2,stainless-steel mesh,,1.7,2,99.3
10.45,2.44,0,0,0,2993.2,1.71,1.138,0.91,2M ZnSO4,graphite paper,1,1.6,20,99.4
4.89,1.74,0,0,0,1666.8,2.42,0.136,0.88,2M ZnSO4,stainless-steel mesh,2.5,1.6,2,99.4
1.9,1.3,0,0,0,1317.4,1.384,0.126118796,1.05,1M Zn(CF3SO3)2,stainless-steel mesh,1,1.6,1,99.7
1.91,2.99,0,0,0,2330.9,2.756,0.105052125,1.24,1M Zn(CF3SO3)2,stainless-steel mesh,1,1.6,5,99.8
8.35,2.41,0,0,0,2511,2.17,1.173,2.07,3M Zn(CF3SO3)2,stainless-steel mesh,,1.7,50,99.9
15.55,2.61,0,0,0,3139.2,1.74,1.26,1.02,2M ZnSO4,graphite paper,1,1.6,10,100
9.64,3.44,0,0,0,1624,0.918,1.878,0.999,1M ZnSO4,stainless-steel mesh,2,1.6,0.5,100.2
3.9,9.7,0,0,0,844,0.41,3.419,0.99,1M ZnSO4,freestanding,1,2,10,100.3
16.08,2.82,0,1.78,0,1384.7,0.97,0.17,0.89,1M Zn(CF3SO3)2,stainless-steel mesh,2.5,1.8,5,100.4
9.05,1.32,0,1.67,0,2773,1.91,1.358,1.19,2M ZnSO4,stainless-steel mesh,,1.6,3,100.5
6.2,1.6,0,0,0,2691.3,1.77,0.487,1.088,2M ZnSO4,stainless-steel mesh,1.1,1.79,10,101.1
9.92,0,0,0,0,1667.3,1.23,1.14,1.1,2M ZnSO4,stainless-steel mesh,,1.6,0.5,101.2
7.21,3.67,0,0,0,1777,1.56,2.308,2,3M Zn(CF3SO3)2,stainless-steel mesh,,1.7,0.5,101.3
6.89,1.57,1.05,0,0,1678.38,1.04,1.08,0.82,1M ZnSO4,stainless-steel ,1,1.6,5,101.5
8.42,1.64,0,0,0,1949,1.133,0.845,0.917,1M ZnSO4,stainless-steel mesh,10,1.6,5,101.9
11.54,0,0,0.47,0,2813,1.82,1.755,1.01,2M ZnSO4,carbon cloth,1.5,1.6,30,102
10.45,2.44,0,0,0,2993.2,1.71,1.138,0.91,2M ZnSO4,graphite paper,1,1.6,14,102
2.75,0.95,0,0,0,1687.1,1.75,0.101321586,1.11,1M Zn(CF3SO3)2,stainless-steel mesh,1,1.6,1,102
3.9,9.7,0,0,0,844,0.41,3.419,0.99,1M ZnSO4,freestanding,1,2,7,102.2
6.8,0,0,0,0,1410,0.77,1.75,1.09,1M ZnSO4,stainless-steel mesh,2,1.6,2,102.2
6.75,2.16,1.16,0,0,2363.18,1.33,0.6625,0.79,1M ZnSO4,stainless-steel ,1,1.6,0.8,102.2
6.82,2.11,0,0,0,3407.6,1.953,0.416,2.41,2M ZnSO4,stainless-steel mesh,1,1.6,30,102.5
5.51,5.19,0,0,0,642,0.58,0.184,3.5,2M ZnSO4,stainless-steel ,1,1.6,2,102.5
11.5,6.7,0,0,0,642,1.03,0.17,0.964,1M ZnSO4,stainless-steel mesh,2,1.6,0.2,102.5
8.2,5.3,0,0,0,879,0.447,1.54,2.27,2M ZnSO4,stainless-steel foil,1,1.6,1,102.6
8.06,0,0,0,0,1020,0.721,1.36,1.1,1M ZnSO4,stainless-steel mesh,1.2,1.6,10,102.9
12.89,3.05,0,0,0,3224.9,1.93,0.93,0.94,2M ZnSO4,graphite paper,1,1.6,50,103
1.9,1.3,0,0,0,1317.4,1.384,0.126118796,1.05,1M Zn(CF3SO3)2,stainless-steel mesh,1,1.6,0.5,103
4.43,2.62,0,0,2.14,2038,1.29,0.497,1.12,1M ZnSO4,freestanding,1.77,1.6,0.1,103.2
9.44,0.8,0,0,0,2295.3,1.63,1.264,1.18,2M ZnSO4,stainless-steel mesh,,1.6,1,103.4
7.48,2.67,0,0,0,3553.1,2.071,0.363,2.79,2M ZnSO4,stainless-steel mesh,10,1.6,0.5,103.4
15.55,2.61,0,0,0,3139.2,1.74,1.26,1.02,2M ZnSO4,graphite paper,1,1.6,7,103.6
9.33,6.25,0,0,0,1021,1.07,1.89,0.84,3M Zn(CF3SO3)2,stainless-steel mesh,10,1.8,1,103.8
10.72,2.83,0,0.63,0,909,0.44,13.667,0.93,3M ZnSO4,carbon paper,1.2,1.7,0.1,104
6.98,2.3,0,0,0,2353,2.14,0.779,2.18,3M Zn(CF3SO3)2,stainless-steel mesh,,1.7,1,104
6.1,7.2,0,0,0,1843,1.1,0.447,1.01,2M ZnSO4,stainless-steel mesh,1,1.6,15,104
11.74,6.67,0,0,4.7,1702,1.29,0.675,4.4,2M ZnSO4,stainless-steel ,1,1.6,60,104.4
14.9,3.1,0,0,0,620,0.86,0.178,0.962,1M ZnSO4,stainless-steel mesh,2,1.6,0.1,104.4
10.45,2.44,0,0,0,2993.2,1.71,1.138,0.91,2M ZnSO4,graphite paper,1,1.6,10,104.5
5.52,0.89,0,0,0,2276,1.331,0.265,0.872,1M ZnSO4,stainless-steel mesh,2,1.6,0.2,104.8
3.9,9.7,0,0,0,844,0.41,3.419,0.99,1M ZnSO4,freestanding,1,2,5,104.9
9.53,0,0,2.59,0,1886.8,1.23,1.278,1.13,2M ZnSO4,stainless-steel mesh,,1.6,1,104.9
4.81,1.09,0,0,0,972.4,1.67,0.21,0.82,2M ZnSO4,stainless-steel mesh,2.5,1.6,0.2,104.9
2.75,0.95,0,0,0,1687.1,1.75,0.101321586,1.11,1M Zn(CF3SO3)2,stainless-steel mesh,1,1.6,0.5,105.1
18.15,3.51,0,0,0,648.22,0.32,4.516,1.01,2M ZnSO4,Ti foil,2,1.8,0.4,105.4
8.35,2.41,0,0,0,2511,2.17,1.173,2.07,3M Zn(CF3SO3)2,stainless-steel mesh,,1.7,40,105.6
6.93,1.98,0,0,0,3415.3,2.482,0.19,2.82,2M ZnSO4,stainless-steel mesh,1,1.6,60,105.9
1.91,2.99,0,0,0,2330.9,2.756,0.105052125,1.24,1M Zn(CF3SO3)2,stainless-steel mesh,1,1.6,3,105.9
9.05,1.32,0,1.67,0,2773,1.91,1.358,1.19,2M ZnSO4,stainless-steel mesh,,1.6,2,106
11.57,0,0,0,0,2085.1,1.72,0.194,0.86,2M ZnSO4,freestanding,2,1.6,0.3,106.1
6.2,1.6,0,0,0,2691.3,1.77,0.487,1.088,2M ZnSO4,stainless-steel mesh,1.1,1.79,5,106.5
15.55,2.61,0,0,0,3139.2,1.74,1.26,1.02,2M ZnSO4,graphite paper,1,1.6,5,106.7
6.15,13.57,0,0,0,1274.8,0.551,2.51,1.97,2M ZnSO4,stainless-steel mesh,1,1.6,2,106.8
10.36,3.74,1.11,0,0,803.95,0.53,1.944444444,0.75,1M ZnSO4,stainless-steel ,1,1.6,1,107.1
11.74,6.67,0,0,4.7,1702,1.29,0.675,4.4,2M ZnSO4,stainless-steel ,20,1.6,0.2,107.2
8.06,0,0,0,0,1020,0.721,1.36,1.1,1M ZnSO4,stainless-steel mesh,1.2,1.6,7,107.5
1.9,1.3,0,0,0,1317.4,1.384,0.126118796,1.05,1M Zn(CF3SO3)2,stainless-steel mesh,1,1.6,0.3,107.6
3.9,9.7,0,0,0,844,0.41,3.419,0.99,1M ZnSO4,freestanding,1,2,4,107.7
11.54,0,0,0.47,0,2813,1.82,1.755,1.01,2M ZnSO4,carbon cloth,1.5,1.6,20,108
9.33,6.25,0,0,0,1021,1.07,1.89,0.84,3M Zn(CF3SO3)2,stainless-steel mesh,10,1.8,0.5,108.1
9.3,0,0,0,0,950,0.784,1.143,1.18,1M ZnSO4,stainless-steel mesh,1.2,1.6,0.5,108.2
9.64,3.44,0,0,0,1624,0.918,1.878,0.999,1M ZnSO4,stainless-steel mesh,2,1.6,0.2,108.3
10.45,2.44,0,0,0,2993.2,1.71,1.138,0.91,2M ZnSO4,graphite paper,1,1.6,7,108.3
16.08,2.82,0,1.78,0,1384.7,0.97,0.17,0.89,1M Zn(CF3SO3)2,stainless-steel mesh,2.5,1.8,2,108.4
6.99,1.59,0,0,0,2465.9,1.29,1.115,0.912,2M ZnSO4,nickel foam,2,1.8,0.05,108.5
8,8.12,0,0,0,1685,1.2,0.508,0.85,3M Zn(CF3SO3)2,stainless-steel mesh,10,1.8,5,108.7
4.89,1.74,0,0,0,1666.8,2.42,0.136,0.88,2M ZnSO4,stainless-steel mesh,2.5,1.6,1,108.9
15.55,2.61,0,0,0,3139.2,1.74,1.26,1.02,2M ZnSO4,graphite paper,1,1.6,4,109.3
7.87,1.93,0,4,0,3082,1.42,1.152,1.72,2M ZnSO4,stainless-steel mesh,,1.6,1,109.6
5.68,1.49,0,0,0,1640.1,1.41,0.489,0.95,2M ZnSO4,Nickel foam,2,1.6,0.05,109.7
8.42,1.64,0,0,0,1949,1.133,0.845,0.917,1M ZnSO4,stainless-steel mesh,10,1.6,2,109.9
11.92,0,0,0,0,2228,1.07,1.488,1.5,1M ZnSO4,stainless-steel foil,2,1.75,1,110
4.2,6.3,0,0,0,543,0.9,0.125,0.99,2M ZnSO4,stainless-steel mesh,1,1.6,0.5,110
6.75,2.16,1.16,0,0,2363.18,1.33,0.6625,0.79,1M ZnSO4,stainless-steel ,1,1.6,0.5,110.1
20.61,3.95,0,0,0,544.83,0.26,4.783,0.96,2M ZnSO4,Ti foil,2,1.8,0.2,110.2
6.1,7.2,0,0,0,1843,1.1,0.447,1.01,2M ZnSO4,stainless-steel mesh,1,1.6,10,110.4
8.2,5.3,0,0,0,879,0.447,1.54,2.27,2M ZnSO4,stainless-steel foil,1,1.6,0.5,110.9
10.45,2.44,0,0,0,2993.2,1.71,1.138,0.91,2M ZnSO4,graphite paper,1,1.6,5,110.9
10.41,2.37,0,0,2.1,899,0.52,0.576,0.856,1M ZnSO4,stainless-steel foil,,1.6,20,110.9
6.89,1.57,1.05,0,0,1678.38,1.04,1.08,0.82,1M ZnSO4,stainless-steel ,1,1.6,2,111.3
18.15,3.51,0,0,0,648.22,0.32,4.516,1.01,2M ZnSO4,Ti foil,2,1.8,0.3,111.6
2.75,0.95,0,0,0,1687.1,1.75,0.101321586,1.11,1M Zn(CF3SO3)2,stainless-steel mesh,1,1.6,0.3,111.6
6.98,2.3,0,0,0,2353,2.14,0.779,2.18,3M Zn(CF3SO3)2,stainless-steel mesh,,1.7,0.5,112.1
3.9,9.7,0,0,0,844,0.41,3.419,0.99,1M ZnSO4,freestanding,1,2,3,112.3
5.51,5.19,0,0,0,642,0.58,0.184,3.5,2M ZnSO4,stainless-steel ,1,1.6,1,112.4
15.55,2.61,0,0,0,3139.2,1.74,1.26,1.02,2M ZnSO4,graphite paper,1,1.6,3,112.5
7.48,2.67,0,0,0,3553.1,2.071,0.363,2.79,2M ZnSO4,stainless-steel mesh,5,1.6,0.5,112.6
16.08,2.82,0,1.78,0,1384.7,0.97,0.17,0.89,1M Zn(CF3SO3)2,stainless-steel mesh,2.5,1.8,1,112.6
10.36,3.74,1.11,0,0,803.95,0.53,1.944444444,0.75,1M ZnSO4,stainless-steel ,1,1.6,0.8,112.8
4.41,12.14,0,0,0,494,0.27,1.7,3.1,2M ZnSO4,stainless-steel ,1,1.6,0.5,112.9
10.45,2.44,0,0,0,2993.2,1.71,1.138,0.91,2M ZnSO4,graphite paper,1,1.6,4,112.9
11.54,0,0,0.47,0,2813,1.82,1.755,1.01,2M ZnSO4,carbon cloth,1.5,1.6,15,113
6.8,0,0,0,0,1410,0.77,1.75,1.09,1M ZnSO4,stainless-steel mesh,2,1.6,1,113.3
9.53,0,0,2.59,0,1886.8,1.23,1.278,1.13,2M ZnSO4,stainless-steel mesh,,1.6,0.5,113.3
6.82,2.11,0,0,0,3407.6,1.953,0.416,2.41,2M ZnSO4,stainless-steel mesh,1,1.6,20,113.7
8.35,2.41,0,0,0,2511,2.17,1.173,2.07,3M Zn(CF3SO3)2,stainless-steel mesh,,1.7,20,113.8
8.12,3.79,3.66,0,0,1315.2,0.5116,9.33,1.038,2M ZnSO4,carbon cloth,1,1.6,0.1,114
11.74,6.67,0,0,4.7,1702,1.29,0.675,4.4,2M ZnSO4,stainless-steel ,1,1.6,40,114
9.44,0.8,0,0,0,2295.3,1.63,1.264,1.18,2M ZnSO4,stainless-steel mesh,,1.6,0.5,114.1
5.52,0.89,0,0,0,2276,1.331,0.265,0.872,1M ZnSO4,stainless-steel mesh,2,1.6,0.1,114.2
4.89,1.74,0,0,0,1666.8,2.42,0.136,0.88,2M ZnSO4,stainless-steel mesh,2.5,1.6,0.5,114.4
6.93,1.98,0,0,0,3415.3,2.482,0.19,2.82,2M ZnSO4,stainless-steel mesh,1,1.6,30,114.5
1.91,2.99,0,0,0,2330.9,2.756,0.105052125,1.24,1M Zn(CF3SO3)2,stainless-steel mesh,1,1.6,1,115.3
8.42,1.64,0,0,0,1949,1.133,0.845,0.917,1M ZnSO4,stainless-steel mesh,10,1.6,1,116
6.2,1.6,0,0,0,2691.3,1.77,0.487,1.088,2M ZnSO4,stainless-steel mesh,1.1,1.79,2,116.1
8.35,2.41,0,0,0,2511,2.17,1.173,2.07,3M Zn(CF3SO3)2,stainless-steel mesh,,1.7,10,116.7
10.45,2.44,0,0,0,2993.2,1.71,1.138,0.91,2M ZnSO4,graphite paper,1,1.6,3,116.7
11.57,0,0,0,0,2085.1,1.72,0.194,0.86,2M ZnSO4,freestanding,2,1.6,0.2,116.9
8.06,0,0,0,0,1020,0.721,1.36,1.1,1M ZnSO4,stainless-steel mesh,1.2,1.6,5,117
8,8.12,0,0,0,1685,1.2,0.508,0.85,3M Zn(CF3SO3)2,stainless-steel mesh,10,1.8,2,117
6.15,13.57,0,0,0,1274.8,0.551,2.51,1.97,2M ZnSO4,stainless-steel mesh,1,1.6,1,117.1
15.55,2.61,0,0,0,3139.2,1.74,1.26,1.02,2M ZnSO4,graphite paper,1,1.6,2,117.1
1.91,2.99,0,0,0,2330.9,2.756,0.105052125,1.24,1M Zn(CF3SO3)2,stainless-steel mesh,1,1.6,0.5,117.3
7.21,3.67,0,0,0,1777,1.56,2.308,2,3M Zn(CF3SO3)2,stainless-steel mesh,,1.7,0.2,117.6
3.9,9.7,0,0,0,844,0.41,3.419,0.99,1M ZnSO4,freestanding,1,2,2,117.9
5.5,2.53,0,0,0,947,0.54,1,0.855,1M ZnSO4,stainless-steel foil,,1.6,0.5,117.9
9.1,3.1,0,0,0,1055,0.95,0.583,1.06,2M ZnSO4,stainless-steel mesh,1,1.7,10,118
12.89,3.05,0,0,0,3224.9,1.93,0.93,0.94,2M ZnSO4,graphite paper,1,1.6,20,118.7
7.48,2.67,0,0,0,3553.1,2.071,0.363,2.79,2M ZnSO4,stainless-steel mesh,1,1.6,60,118.8
6.93,1.98,0,0,0,3415.3,2.482,0.19,2.82,2M ZnSO4,stainless-steel mesh,1,1.6,20,118.9
11.54,0,0,0.47,0,2813,1.82,1.755,1.01,2M ZnSO4,carbon cloth,1.5,1.6,10,119
6.89,1.57,1.05,0,0,1678.38,1.04,1.08,0.82,1M ZnSO4,stainless-steel ,1,1.6,1,119.7
9.64,3.44,0,0,0,1624,0.918,1.878,0.999,1M ZnSO4,stainless-steel mesh,2,1.6,0.1,119.9
16.08,2.82,0,1.78,0,1384.7,0.97,0.17,0.89,1M Zn(CF3SO3)2,stainless-steel mesh,2.5,1.8,0.5,120.3
9.05,1.32,0,1.67,0,2773,1.91,1.358,1.19,2M ZnSO4,stainless-steel mesh,,1.6,1,120.8
10.45,2.44,0,0,0,2993.2,1.71,1.138,0.91,2M ZnSO4,graphite paper,1,1.6,2,120.9
6.1,7.2,0,0,0,1843,1.1,0.447,1.01,2M ZnSO4,stainless-steel mesh,1,1.6,5,121.7
9.1,3.1,0,0,0,1055,0.95,0.583,1.06,2M ZnSO4,stainless-steel mesh,1,1.7,5,122
8.06,0,0,0,0,1020,0.721,1.36,1.1,1M ZnSO4,stainless-steel mesh,1.2,1.6,4,122.1
9.33,6.25,0,0,0,1021,1.07,1.89,0.84,3M Zn(CF3SO3)2,stainless-steel mesh,10,1.8,0.2,122.3
9.71,5.41,0,0,0,670,0.72,3.071,1.89,3M Zn(CF3SO3)2,stainless-steel mesh,,1.7,0.1,122.4
10.36,3.74,1.11,0,0,803.95,0.53,1.944444444,0.75,1M ZnSO4,stainless-steel ,1,1.6,0.5,122.9
11.54,0,0,0.47,0,2813,1.82,1.755,1.01,2M ZnSO4,carbon cloth,1.5,1.6,8,123
8.35,2.41,0,0,0,2511,2.17,1.173,2.07,3M Zn(CF3SO3)2,stainless-steel mesh,,1.7,5,123.6
6.2,1.6,0,0,0,2691.3,1.77,0.487,1.088,2M ZnSO4,stainless-steel mesh,1.1,1.79,1,123.8
11.79,1.98,0,0.24,0,1613.9,0.93,11.4,0.98,1M Zn(CF3SO3)2,stainless-steel mesh,10,1.8,20,124
12.89,3.05,0,0,0,3224.9,1.93,0.93,0.94,2M ZnSO4,graphite paper,1,1.6,14,124.5
8.42,1.64,0,0,0,1949,1.133,0.845,0.917,1M ZnSO4,stainless-steel mesh,10,1.6,0.5,124.8
11.92,0,0,0,0,2228,1.07,1.488,1.5,1M ZnSO4,stainless-steel foil,2,1.75,0.5,125
7.87,1.93,0,4,0,3082,1.42,1.152,1.72,2M ZnSO4,stainless-steel mesh,,1.6,0.5,125
6.89,1.57,1.05,0,0,1678.38,1.04,1.08,0.82,1M ZnSO4,stainless-steel ,1,1.6,0.8,125
1.91,2.99,0,0,0,2330.9,2.756,0.105052125,1.24,1M Zn(CF3SO3)2,stainless-steel mesh,1,1.6,0.3,125.3
6.93,1.98,0,0,0,3415.3,2.482,0.19,2.82,2M ZnSO4,stainless-steel mesh,1,1.6,10,125.7
15.55,2.61,0,0,0,3139.2,1.74,1.26,1.02,2M ZnSO4,graphite paper,1,1.6,1,126.1
11.74,6.67,0,0,4.7,1702,1.29,0.675,4.4,2M ZnSO4,stainless-steel ,1,1.6,20,126.2
16.08,2.82,0,1.78,0,1384.7,0.97,0.17,0.89,1M Zn(CF3SO3)2,stainless-steel mesh,2.5,1.8,0.25,126.4
9.1,3.1,0,0,0,1055,0.95,0.583,1.06,2M ZnSO4,stainless-steel mesh,1,1.7,2,127
6.98,2.3,0,0,0,2353,2.14,0.779,2.18,3M Zn(CF3SO3)2,stainless-steel mesh,,1.7,0.2,127.2
8,8.12,0,0,0,1685,1.2,0.508,0.85,3M Zn(CF3SO3)2,stainless-steel mesh,10,1.8,1,127.3
6.15,13.57,0,0,0,1274.8,0.551,2.51,1.97,2M ZnSO4,stainless-steel mesh,1,1.6,0.5,127.5
8.06,0,0,0,0,1020,0.721,1.36,1.1,1M ZnSO4,stainless-steel mesh,1.2,1.6,3,127.9
5.51,5.19,0,0,0,642,0.58,0.184,3.5,2M ZnSO4,stainless-steel ,1,1.6,0.5,128.2
12.04,8.29,0,0,0,1530.9,0.96,0.627,0.86,1M Zn(CF3SO3)2,freestanding,2.4,1.6,10,128.6
11.54,0,0,0.47,0,2813,1.82,1.755,1.01,2M ZnSO4,carbon cloth,1.5,1.6,6,129
10.45,2.44,0,0,0,2993.2,1.71,1.138,0.91,2M ZnSO4,graphite paper,1,1.6,1,129.3
12.89,3.05,0,0,0,3224.9,1.93,0.93,0.94,2M ZnSO4,graphite paper,1,1.6,10,129.3
7.48,2.67,0,0,0,3553.1,2.071,0.363,2.79,2M ZnSO4,stainless-steel mesh,1,1.6,30,130.1
6.1,7.2,0,0,0,1843,1.1,0.447,1.01,2M ZnSO4,stainless-steel mesh,1,1.6,3,130.2
3.9,9.7,0,0,0,844,0.41,3.419,0.99,1M ZnSO4,freestanding,1,2,1,130.4
8.35,2.41,0,0,0,2511,2.17,1.173,2.07,3M Zn(CF3SO3)2,stainless-steel mesh,,1.7,2,130.8
3.9,9.7,0,0,0,844,0.41,3.419,0.99,1M ZnSO4,freestanding,1,2,0.5,131.5
6.82,2.11,0,0,0,3407.6,1.953,0.416,2.41,2M ZnSO4,stainless-steel mesh,1,1.6,10,131.8
18.15,3.51,0,0,0,648.22,0.32,4.516,1.01,2M ZnSO4,Ti foil,2,1.8,0.2,132.3
11.57,0,0,0,0,2085.1,1.72,0.194,0.86,2M ZnSO4,freestanding,2,1.6,0.1,132.7
4.89,1.74,0,0,0,1666.8,2.42,0.136,0.88,2M ZnSO4,stainless-steel mesh,2.5,1.6,0.2,132.9
11.5,6.7,0,0,0,642,1.03,0.17,0.964,1M ZnSO4,stainless-steel mesh,2,1.6,0.1,133.7
6.2,1.6,0,0,0,2691.3,1.77,0.487,1.088,2M ZnSO4,stainless-steel mesh,1.1,1.79,0.5,133.8
12.89,3.05,0,0,0,3224.9,1.93,0.93,0.94,2M ZnSO4,graphite paper,1,1.6,7,134
11.74,6.67,0,0,4.7,1702,1.29,0.675,4.4,2M ZnSO4,stainless-steel ,10,1.6,0.2,134
6.93,1.98,0,0,0,3415.3,2.482,0.19,2.82,2M ZnSO4,stainless-steel mesh,1,1.6,5,134
11.74,6.67,0,0,4.7,1702,1.29,0.675,4.4,2M ZnSO4,stainless-steel ,1,1.6,10,134.2
12.04,8.29,0,0,0,1530.9,0.96,0.627,0.86,1M Zn(CF3SO3)2,freestanding,2.4,1.6,5,134.2
7.48,2.67,0,0,0,3553.1,2.071,0.363,2.79,2M ZnSO4,stainless-steel mesh,3,1.6,0.5,134.3
20.61,3.95,0,0,0,544.83,0.26,4.783,0.96,2M ZnSO4,Ti foil,2,1.8,0.1,134.5
6.89,1.57,1.05,0,0,1678.38,1.04,1.08,0.82,1M ZnSO4,stainless-steel ,1,1.6,0.5,134.8
9.05,1.32,0,1.67,0,2773,1.91,1.358,1.19,2M ZnSO4,stainless-steel mesh,,1.6,0.5,135
6.75,2.16,1.16,0,0,2363.18,1.33,0.6625,0.79,1M ZnSO4,stainless-steel ,1,1.6,0.2,135.3
8.06,0,0,0,0,1020,0.721,1.36,1.1,1M ZnSO4,stainless-steel mesh,1.2,1.6,2,135.5
3.67,0,0,0,2.71,1175,0.71,1.367,0.858,1M ZnSO4,stainless-steel foil,,1.6,0.5,136.2
16.08,2.82,0,1.78,0,1384.7,0.97,0.17,0.89,1M Zn(CF3SO3)2,stainless-steel mesh,2.5,1.8,0.1,136.3
15.55,2.61,0,0,0,3139.2,1.74,1.26,1.02,2M ZnSO4,graphite paper,1,1.6,0.5,136.6
8.2,5.3,0,0,0,879,0.447,1.54,2.27,2M ZnSO4,stainless-steel foil,1,1.6,0.1,136.8
6.8,0,0,0,0,1410,0.77,1.75,1.09,1M ZnSO4,stainless-steel mesh,2,1.6,0.5,136.9
9.1,3.1,0,0,0,1055,0.95,0.583,1.06,2M ZnSO4,stainless-steel mesh,1,1.7,1,137
6.1,7.2,0,0,0,1843,1.1,0.447,1.01,2M ZnSO4,stainless-steel mesh,1,1.6,2,137.2
11.54,0,0,0.47,0,2813,1.82,1.755,1.01,2M ZnSO4,carbon cloth,1.5,1.6,4,138
8.35,2.41,0,0,0,2511,2.17,1.173,2.07,3M Zn(CF3SO3)2,stainless-steel mesh,,1.7,1,138.4
4.41,12.14,0,0,0,494,0.27,1.7,3.1,2M ZnSO4,stainless-steel ,1,1.6,0.2,138.5
12.89,3.05,0,0,0,3224.9,1.93,0.93,0.94,2M ZnSO4,graphite paper,1,1.6,5,138.6
8.42,1.64,0,0,0,1949,1.133,0.845,0.917,1M ZnSO4,stainless-steel mesh,2,1.6,0.2,139.2
7.48,2.67,0,0,0,3553.1,2.071,0.363,2.79,2M ZnSO4,stainless-steel mesh,1,1.6,20,139.9
12.04,8.29,0,0,0,1530.9,0.96,0.627,0.86,1M Zn(CF3SO3)2,freestanding,2.4,1.6,2,141.1
10.45,2.44,0,0,0,2993.2,1.71,1.138,0.91,2M ZnSO4,graphite paper,1,1.6,0.5,141.2
12.89,3.05,0,0,0,3224.9,1.93,0.93,0.94,2M ZnSO4,graphite paper,1,1.6,4,141.2
7.87,1.93,0,4,0,3082,1.42,1.152,1.72,2M ZnSO4,stainless-steel mesh,,1.6,0.2,142.7
12.89,3.05,0,0,0,3224.9,1.93,0.93,0.94,2M ZnSO4,graphite paper,1,1.6,3,144.4
10.36,3.74,1.11,0,0,803.95,0.53,1.944444444,0.75,1M ZnSO4,stainless-steel ,1,1.6,0.2,144.6
6.93,1.98,0,0,0,3415.3,2.482,0.19,2.82,2M ZnSO4,stainless-steel mesh,1,1.6,2,144.7
11.74,6.67,0,0,4.7,1702,1.29,0.675,4.4,2M ZnSO4,stainless-steel ,1,1.6,5,145.9
8,8.12,0,0,0,1685,1.2,0.508,0.85,3M Zn(CF3SO3)2,stainless-steel mesh,10,1.8,0.5,146.9
6.82,2.11,0,0,0,3407.6,1.953,0.416,2.41,2M ZnSO4,stainless-steel mesh,1,1.6,5,147.4
8.06,0,0,0,0,1020,0.721,1.36,1.1,1M ZnSO4,stainless-steel mesh,1.2,1.6,1,148.5
8.35,2.41,0,0,0,2511,2.17,1.173,2.07,3M Zn(CF3SO3)2,stainless-steel mesh,,1.7,0.5,149.1
9.75,7.83,0,0,0,2370,2.18,0.319,0.85,3M Zn(CF3SO3)2,stainless-steel mesh,10,1.8,20,149.2
5.51,5.19,0,0,0,642,0.58,0.184,3.5,2M ZnSO4,stainless-steel ,1,1.6,0.2,149.9
9.1,3.1,0,0,0,1055,0.95,0.583,1.06,2M ZnSO4,stainless-steel mesh,1,1.7,0.5,150
7.48,2.67,0,0,0,3553.1,2.071,0.363,2.79,2M ZnSO4,stainless-steel mesh,1,1.6,10,150.3
12.89,3.05,0,0,0,3224.9,1.93,0.93,0.94,2M ZnSO4,graphite paper,1,1.6,2,150.8
9.75,7.83,0,0,0,2370,2.18,0.319,0.85,3M Zn(CF3SO3)2,stainless-steel mesh,10,1.8,10,151.9
11.54,0,0,0.47,0,2813,1.82,1.755,1.01,2M ZnSO4,carbon cloth,1.5,1.6,2,152
11.79,1.98,0,0.24,0,1613.9,0.93,11.4,0.98,1M Zn(CF3SO3)2,stainless-steel mesh,10,1.8,10,152.5
12.04,8.29,0,0,0,1530.9,0.96,0.627,0.86,1M Zn(CF3SO3)2,freestanding,2.4,1.6,1,152.7
11.92,0,0,0,0,2228,1.07,1.488,1.5,1M ZnSO4,stainless-steel foil,2,1.75,0.2,153
6.1,7.2,0,0,0,1843,1.1,0.447,1.01,2M ZnSO4,stainless-steel mesh,1,1.6,1,153.3
7.21,3.67,0,0,0,1777,1.56,2.308,2,3M Zn(CF3SO3)2,stainless-steel mesh,,1.7,0.1,153.4
8,8.12,0,0,0,1685,1.2,0.508,0.85,3M Zn(CF3SO3)2,stainless-steel mesh,10,1.8,0.2,153.8
3.9,9.7,0,0,0,844,0.41,3.419,0.99,1M ZnSO4,freestanding,1,2,0.2,154.5
15.55,2.61,0,0,0,3139.2,1.74,1.26,1.02,2M ZnSO4,graphite paper,1,1.6,0.2,155
11.74,6.67,0,0,4.7,1702,1.29,0.675,4.4,2M ZnSO4,stainless-steel ,1,1.6,2,155.1
6.93,1.98,0,0,0,3415.3,2.482,0.19,2.82,2M ZnSO4,stainless-steel mesh,1,1.6,1,155.4
18.15,3.51,0,0,0,648.22,0.32,4.516,1.01,2M ZnSO4,Ti foil,2,1.8,0.1,156.5
9.75,7.83,0,0,0,2370,2.18,0.319,0.85,3M Zn(CF3SO3)2,stainless-steel mesh,10,1.8,5,156.8
11.74,6.67,0,0,4.7,1702,1.29,0.675,4.4,2M ZnSO4,stainless-steel ,5,1.6,0.2,157.2
6.98,2.3,0,0,0,2353,2.14,0.779,2.18,3M Zn(CF3SO3)2,stainless-steel mesh,,1.7,0.1,158.6
7.48,2.67,0,0,0,3553.1,2.071,0.363,2.79,2M ZnSO4,stainless-steel mesh,1,1.6,5,159.6
8.42,1.64,0,0,0,1949,1.133,0.845,0.917,1M ZnSO4,stainless-steel mesh,2,1.6,0.1,159.9
10.45,2.44,0,0,0,2993.2,1.71,1.138,0.91,2M ZnSO4,graphite paper,1,1.6,0.2,160.1
6.2,1.6,0,0,0,2691.3,1.77,0.487,1.088,2M ZnSO4,stainless-steel mesh,1.1,1.79,0.2,160.1
12.89,3.05,0,0,0,3224.9,1.93,0.93,0.94,2M ZnSO4,graphite paper,1,1.6,1,161.1
10.72,2.83,0,0.63,0,909,0.44,13.667,0.93,2M ZnSO4,carbon paper,1.2,1.7,0.1,161.7
9.75,7.83,0,0,0,2370,2.18,0.319,0.85,3M Zn(CF3SO3)2,stainless-steel mesh,10,1.8,2,163.5
9.1,3.1,0,0,0,1055,0.95,0.583,1.06,2M ZnSO4,stainless-steel mesh,1,1.7,0.2,165
6.82,2.11,0,0,0,3407.6,1.953,0.416,2.41,2M ZnSO4,stainless-steel mesh,1,1.6,2,165.5
12.04,8.29,0,0,0,1530.9,0.96,0.627,0.86,1M Zn(CF3SO3)2,freestanding,2.4,1.6,0.5,165.9
10.41,2.37,0,0,2.1,899,0.52,0.576,0.856,1M ZnSO4,stainless-steel foil,,1.6,0.5,165.9
8.35,2.41,0,0,0,2511,2.17,1.173,2.07,3M Zn(CF3SO3)2,stainless-steel mesh,,1.7,0.2,167.7
6.93,1.98,0,0,0,3415.3,2.482,0.19,2.82,2M ZnSO4,stainless-steel mesh,1,1.6,0.5,169.3
11.74,6.67,0,0,4.7,1702,1.29,0.675,4.4,2M ZnSO4,stainless-steel ,1,1.6,1,171.8
11.54,0,0,0.47,0,2813,1.82,1.755,1.01,2M ZnSO4,carbon cloth,1.5,1.6,1,172
7.48,2.67,0,0,0,3553.1,2.071,0.363,2.79,2M ZnSO4,stainless-steel mesh,1,1.6,2,172.4
12.89,3.05,0,0,0,3224.9,1.93,0.93,0.94,2M ZnSO4,graphite paper,1,1.6,0.5,174.3
11.74,6.67,0,0,4.7,1702,1.29,0.675,4.4,2M ZnSO4,stainless-steel ,3,1.6,0.2,174.9
8.06,0,0,0,0,1020,0.721,1.36,1.1,1M ZnSO4,stainless-steel mesh,1.2,1.6,0.5,177.7
6.82,2.11,0,0,0,3407.6,1.953,0.416,2.41,2M ZnSO4,stainless-steel mesh,1,1.6,1,178.5
11.79,1.98,0,0.24,0,1613.9,0.93,11.4,0.98,1M Zn(CF3SO3)2,stainless-steel mesh,10,1.8,5,180.5
6.1,7.2,0,0,0,1843,1.1,0.447,1.01,2M ZnSO4,stainless-steel mesh,1,1.6,0.5,181
12.04,8.29,0,0,0,1530.9,0.96,0.627,0.86,1M Zn(CF3SO3)2,freestanding,2.4,1.6,0.2,181.5
11.57,0,0,0,0,2085.1,1.72,0.194,0.86,2M ZnSO4,freestanding,2,1.6,0.05,181.7
7.48,2.67,0,0,0,3553.1,2.071,0.363,2.79,2M ZnSO4,stainless-steel mesh,1,1.6,1,183
9.75,7.83,0,0,0,2370,2.18,0.319,0.85,3M Zn(CF3SO3)2,stainless-steel mesh,10,1.8,1,184.3
6.89,1.57,1.05,0,0,1678.38,1.04,1.08,0.82,1M ZnSO4,stainless-steel ,1,1.6,0.2,185.3
6.2,1.6,0,0,0,2691.3,1.77,0.487,1.088,2M ZnSO4,stainless-steel mesh,1.1,1.79,0.1,189.3
3.9,9.7,0,0,0,844,0.41,3.419,0.99,1M ZnSO4,freestanding,1,2,0.1,189.4
15.55,2.61,0,0,0,3139.2,1.74,1.26,1.02,2M ZnSO4,graphite paper,1,1.6,0.1,189.4
11.74,6.67,0,0,4.7,1702,1.29,0.675,4.4,2M ZnSO4,stainless-steel ,1,1.6,0.5,189.9
8.35,2.41,0,0,0,2511,2.17,1.173,2.07,3M Zn(CF3SO3)2,stainless-steel mesh,,1.7,0.1,191.4
10.45,2.44,0,0,0,2993.2,1.71,1.138,0.91,2M ZnSO4,graphite paper,1,1.6,0.1,193
11.54,0,0,0.47,0,2813,1.82,1.755,1.01,2M ZnSO4,carbon cloth,1.5,1.6,0.5,194
6.82,2.11,0,0,0,3407.6,1.953,0.416,2.41,2M ZnSO4,stainless-steel mesh,1,1.6,0.5,194.4
12.89,3.05,0,0,0,3224.9,1.93,0.93,0.94,2M ZnSO4,graphite paper,1,1.6,0.2,196.8
7.48,2.67,0,0,0,3553.1,2.071,0.363,2.79,2M ZnSO4,stainless-steel mesh,1,1.6,0.5,199.1
12.04,8.29,0,0,0,1530.9,0.96,0.627,0.86,1M Zn(CF3SO3)2,freestanding,2.4,1.6,0.1,204.7
9.75,7.83,0,0,0,2370,2.18,0.319,0.85,3M Zn(CF3SO3)2,stainless-steel mesh,20,1.8,0.2,210
11.79,1.98,0,0.24,0,1613.9,0.93,11.4,0.98,1M Zn(CF3SO3)2,stainless-steel mesh,10,1.8,2,212
11.74,6.67,0,0,4.7,1702,1.29,0.675,4.4,2M ZnSO4,stainless-steel ,1,1.6,0.2,212
9.75,7.83,0,0,0,2370,2.18,0.319,0.85,3M Zn(CF3SO3)2,stainless-steel mesh,10,1.8,0.5,217.5
12.89,3.05,0,0,0,3224.9,1.93,0.93,0.94,2M ZnSO4,graphite paper,1,1.6,0.1,225.3
9.1,3.1,0,0,0,1055,0.95,0.583,1.06,2M ZnSO4,stainless-steel mesh,1,1.7,0.1,230
11.79,1.98,0,0.24,0,1613.9,0.93,11.4,0.98,1M Zn(CF3SO3)2,stainless-steel mesh,10,1.8,1,233
9.75,7.83,0,0,0,2370,2.18,0.319,0.85,3M Zn(CF3SO3)2,stainless-steel mesh,10,1.8,0.2,250
9.75,7.83,0,0,0,2370,2.18,0.319,0.85,3M Zn(CF3SO3)2,stainless-steel mesh,5,1.8,0.2,268
