O,N,Specific surface area,Pore volume,Rmic/mes,ID/IG,Electrolyte,Current collector,Active mass loading,Potential window,Current density,Specific capacity
21.55,3.29,1140.8,0.86,0.157,0.82,1M Zn(CF3SO3)2,stainless-steel mesh,2.5,1.8,0.1,90.2
21.55,3.29,1140.8,0.86,0.157,0.82,1M Zn(CF3SO3)2,stainless-steel mesh,2.5,1.8,0.25,86.3
21.55,3.29,1140.8,0.86,0.157,0.82,1M Zn(CF3SO3)2,stainless-steel mesh,2.5,1.8,0.5,79.9
21.55,3.29,1140.8,0.86,0.157,0.82,1M Zn(CF3SO3)2,stainless-steel mesh,2.5,1.8,1,70.3
21.55,3.29,1140.8,0.86,0.157,0.82,1M Zn(CF3SO3)2,stainless-steel mesh,2.5,1.8,2,64.8
21.55,3.29,1140.8,0.86,0.157,0.82,1M Zn(CF3SO3)2,stainless-steel mesh,2.5,1.8,5,51.5
21.55,3.29,1140.8,0.86,0.157,0.82,1M Zn(CF3SO3)2,stainless-steel mesh,2.5,1.8,10,38.5
21.55,3.29,1140.8,0.86,0.157,0.82,1M Zn(CF3SO3)2,stainless-steel mesh,2.5,1.8,20,23.3
8.2,5.3,879,0.447,1.54,2.27,2M ZnSO4,stainless-steel foil,1,1.6,0.1,136.8
8.2,5.3,879,0.447,1.54,2.27,2M ZnSO4,stainless-steel foil,1,1.6,0.5,110.9
8.2,5.3,879,0.447,1.54,2.27,2M ZnSO4,stainless-steel foil,1,1.6,1,102.6
8.2,5.3,879,0.447,1.54,2.27,2M ZnSO4,stainless-steel foil,1,1.6,5,76.1
8.2,5.3,879,0.447,1.54,2.27,2M ZnSO4,stainless-steel foil,1,1.6,10,66.5
11.5,6.7,642,1.03,0.17,0.964,1M ZnSO4,stainless-steel mesh,2,1.6,0.1,133.7
11.5,6.7,642,1.03,0.17,0.964,1M ZnSO4,stainless-steel mesh,2,1.6,0.2,102.5
11.5,6.7,642,1.03,0.17,0.964,1M ZnSO4,stainless-steel mesh,2,1.6,0.5,84.3
11.5,6.7,642,1.03,0.17,0.964,1M ZnSO4,stainless-steel mesh,2,1.6,1,75
11.5,6.7,642,1.03,0.17,0.964,1M ZnSO4,stainless-steel mesh,2,1.6,2,69.1
11.5,6.7,642,1.03,0.17,0.964,1M ZnSO4,stainless-steel mesh,2,1.6,5,61.7
11.5,6.7,642,1.03,0.17,0.964,1M ZnSO4,stainless-steel mesh,2,1.6,10,56.6
11.5,6.7,642,1.03,0.17,0.964,1M ZnSO4,stainless-steel mesh,2,1.6,20,51.9
11.5,6.7,642,1.03,0.17,0.964,1M ZnSO4,stainless-steel mesh,2,1.6,50,45.6
11.5,6.7,642,1.03,0.17,0.964,1M ZnSO4,stainless-steel mesh,2,1.6,100,39.7
11.5,6.7,642,1.03,0.17,0.964,1M ZnSO4,stainless-steel mesh,2,1.6,200,30.6
14.9,3.1,620,0.86,0.178,0.962,1M ZnSO4,stainless-steel mesh,2,1.6,0.1,104.4
14.9,3.1,620,0.86,0.178,0.962,1M ZnSO4,stainless-steel mesh,2,1.6,0.2,83
14.9,3.1,620,0.86,0.178,0.962,1M ZnSO4,stainless-steel mesh,2,1.6,0.5,69.7
14.9,3.1,620,0.86,0.178,0.962,1M ZnSO4,stainless-steel mesh,2,1.6,1,61.7
14.9,3.1,620,0.86,0.178,0.962,1M ZnSO4,stainless-steel mesh,2,1.6,2,56
14.9,3.1,620,0.86,0.178,0.962,1M ZnSO4,stainless-steel mesh,2,1.6,5,50.4
14.9,3.1,620,0.86,0.178,0.962,1M ZnSO4,stainless-steel mesh,2,1.6,10,46.6
14.9,3.1,620,0.86,0.178,0.962,1M ZnSO4,stainless-steel mesh,2,1.6,20,43.7
14.9,3.1,620,0.86,0.178,0.962,1M ZnSO4,stainless-steel mesh,2,1.6,50,39.1
14.9,3.1,620,0.86,0.178,0.962,1M ZnSO4,stainless-steel mesh,2,1.6,100,35.4
14.9,3.1,620,0.86,0.178,0.962,1M ZnSO4,stainless-steel mesh,2,1.6,200,30.4
11.2,4.2,697,0.83,0.277,0.958,1M ZnSO4,stainless-steel mesh,2,1.6,0.1,92.4
11.2,4.2,697,0.83,0.277,0.958,1M ZnSO4,stainless-steel mesh,2,1.6,0.2,73.1
11.2,4.2,697,0.83,0.277,0.958,1M ZnSO4,stainless-steel mesh,2,1.6,0.5,62.4
11.2,4.2,697,0.83,0.277,0.958,1M ZnSO4,stainless-steel mesh,2,1.6,1,56
11.2,4.2,697,0.83,0.277,0.958,1M ZnSO4,stainless-steel mesh,2,1.6,2,51.3
11.2,4.2,697,0.83,0.277,0.958,1M ZnSO4,stainless-steel mesh,2,1.6,5,45.7
11.2,4.2,697,0.83,0.277,0.958,1M ZnSO4,stainless-steel mesh,2,1.6,10,42.3
11.2,4.2,697,0.83,0.277,0.958,1M ZnSO4,stainless-steel mesh,2,1.6,20,38.9
11.2,4.2,697,0.83,0.277,0.958,1M ZnSO4,stainless-steel mesh,2,1.6,50,33.3
11.2,4.2,697,0.83,0.277,0.958,1M ZnSO4,stainless-steel mesh,2,1.6,100,28.7
11.2,4.2,697,0.83,0.277,0.958,1M ZnSO4,stainless-steel mesh,2,1.6,200,27.2
11.92,0,2228,1.07,1.488,1.5,1M ZnSO4,stainless-steel foil,2,1.75,0.2,153
11.92,0,2228,1.07,1.488,1.5,1M ZnSO4,stainless-steel foil,2,1.75,0.5,125
11.92,0,2228,1.07,1.488,1.5,1M ZnSO4,stainless-steel foil,2,1.75,1,110
11.92,0,2228,1.07,1.488,1.5,1M ZnSO4,stainless-steel foil,2,1.75,2,98
11.92,0,2228,1.07,1.488,1.5,1M ZnSO4,stainless-steel foil,2,1.75,5,84
11.92,0,2228,1.07,1.488,1.5,1M ZnSO4,stainless-steel foil,2,1.75,10,75
9.64,3.44,1624,0.918,1.878,0.999,1M ZnSO4,stainless-steel mesh,2,1.6,0.1,119.9
9.64,3.44,1624,0.918,1.878,0.999,1M ZnSO4,stainless-steel mesh,2,1.6,0.2,108.3
9.64,3.44,1624,0.918,1.878,0.999,1M ZnSO4,stainless-steel mesh,2,1.6,0.5,100.2
9.64,3.44,1624,0.918,1.878,0.999,1M ZnSO4,stainless-steel mesh,2,1.6,1,94.6
9.64,3.44,1624,0.918,1.878,0.999,1M ZnSO4,stainless-steel mesh,2,1.6,2,90.4
9.64,3.44,1624,0.918,1.878,0.999,1M ZnSO4,stainless-steel mesh,2,1.6,5,84.8
9.64,3.44,1624,0.918,1.878,0.999,1M ZnSO4,stainless-steel mesh,2,1.6,20,81.1
8.42,1.64,1949,1.133,0.845,0.917,1M ZnSO4,stainless-steel mesh,2,1.6,0.1,159.9
8.42,1.64,1949,1.133,0.845,0.917,1M ZnSO4,stainless-steel mesh,2,1.6,0.2,139.2
8.42,1.64,1949,1.133,0.845,0.917,1M ZnSO4,stainless-steel mesh,10,1.6,0.5,124.8
8.42,1.64,1949,1.133,0.845,0.917,1M ZnSO4,stainless-steel mesh,10,1.6,1,116
8.42,1.64,1949,1.133,0.845,0.917,1M ZnSO4,stainless-steel mesh,10,1.6,2,109.9
8.42,1.64,1949,1.133,0.845,0.917,1M ZnSO4,stainless-steel mesh,10,1.6,5,101.9
8.42,1.64,1949,1.133,0.845,0.917,1M ZnSO4,stainless-steel mesh,10,1.6,20,94
5.52,0.89,2276,1.331,0.265,0.872,1M ZnSO4,stainless-steel mesh,2,1.6,0.1,114.2
5.52,0.89,2276,1.331,0.265,0.872,1M ZnSO4,stainless-steel mesh,2,1.6,0.2,104.8
5.52,0.89,2276,1.331,0.265,0.872,1M ZnSO4,stainless-steel mesh,2,1.6,0.5,95.6
5.52,0.89,2276,1.331,0.265,0.872,1M ZnSO4,stainless-steel mesh,2,1.6,1,90
5.52,0.89,2276,1.331,0.265,0.872,1M ZnSO4,stainless-steel mesh,2,1.6,2,86.8
5.52,0.89,2276,1.331,0.265,0.872,1M ZnSO4,stainless-steel mesh,2,1.6,5,82.4
5.52,0.89,2276,1.331,0.265,0.872,1M ZnSO4,stainless-steel mesh,2,1.6,20,78.5
7.71,0,500,0.315,1.645,0.97,1M ZnSO4,stainless-steel mesh,1.2,1.6,0.5,48.3
7.71,0,500,0.315,1.645,0.97,1M ZnSO4,stainless-steel mesh,1.2,1.6,1,43.4
7.71,0,500,0.315,1.645,0.97,1M ZnSO4,stainless-steel mesh,1.2,1.6,2,38.9
7.71,0,500,0.315,1.645,0.97,1M ZnSO4,stainless-steel mesh,1.2,1.6,3,36.5
7.71,0,500,0.315,1.645,0.97,1M ZnSO4,stainless-steel mesh,1.2,1.6,4,34.8
7.71,0,500,0.315,1.645,0.97,1M ZnSO4,stainless-steel mesh,1.2,1.6,5,33.2
7.71,0,500,0.315,1.645,0.97,1M ZnSO4,stainless-steel mesh,1.2,1.6,7,30.2
7.71,0,500,0.315,1.645,0.97,1M ZnSO4,stainless-steel mesh,1.2,1.6,10,26.7
7.71,0,500,0.315,1.645,0.97,1M ZnSO4,stainless-steel mesh,1.2,1.6,15,24.7
7.71,0,500,0.315,1.645,0.97,1M ZnSO4,stainless-steel mesh,1.2,1.6,20,21.6
8.06,0,1020,0.721,1.36,1.1,1M ZnSO4,stainless-steel mesh,1.2,1.6,0.5,177.7
8.06,0,1020,0.721,1.36,1.1,1M ZnSO4,stainless-steel mesh,1.2,1.6,1,148.5
8.06,0,1020,0.721,1.36,1.1,1M ZnSO4,stainless-steel mesh,1.2,1.6,2,135.5
8.06,0,1020,0.721,1.36,1.1,1M ZnSO4,stainless-steel mesh,1.2,1.6,3,127.9
8.06,0,1020,0.721,1.36,1.1,1M ZnSO4,stainless-steel mesh,1.2,1.6,4,122.1
8.06,0,1020,0.721,1.36,1.1,1M ZnSO4,stainless-steel mesh,1.2,1.6,5,117
8.06,0,1020,0.721,1.36,1.1,1M ZnSO4,stainless-steel mesh,1.2,1.6,7,107.5
8.06,0,1020,0.721,1.36,1.1,1M ZnSO4,stainless-steel mesh,1.2,1.6,10,102.9
8.06,0,1020,0.721,1.36,1.1,1M ZnSO4,stainless-steel mesh,1.2,1.6,15,91.3
8.06,0,1020,0.721,1.36,1.1,1M ZnSO4,stainless-steel mesh,1.2,1.6,20,85.5
9.3,0,950,0.784,1.143,1.18,1M ZnSO4,stainless-steel mesh,1.2,1.6,0.5,108.2
9.3,0,950,0.784,1.143,1.18,1M ZnSO4,stainless-steel mesh,1.2,1.6,1,96.6
9.3,0,950,0.784,1.143,1.18,1M ZnSO4,stainless-steel mesh,1.2,1.6,2,86.9
9.3,0,950,0.784,1.143,1.18,1M ZnSO4,stainless-steel mesh,1.2,1.6,3,82
9.3,0,950,0.784,1.143,1.18,1M ZnSO4,stainless-steel mesh,1.2,1.6,4,78.7
9.3,0,950,0.784,1.143,1.18,1M ZnSO4,stainless-steel mesh,1.2,1.6,5,75.2
9.3,0,950,0.784,1.143,1.18,1M ZnSO4,stainless-steel mesh,1.2,1.6,7,72
9.3,0,950,0.784,1.143,1.18,1M ZnSO4,stainless-steel mesh,1.2,1.6,10,67.1
9.3,0,950,0.784,1.143,1.18,1M ZnSO4,stainless-steel mesh,1.2,1.6,15,60.5
9.3,0,950,0.784,1.143,1.18,1M ZnSO4,stainless-steel mesh,1.2,1.6,20,57
4.81,1.09,972.4,1.67,0.21,0.82,2M ZnSO4,stainless-steel mesh,2.5,1.6,0.2,104.9
4.81,1.09,972.4,1.67,0.21,0.82,2M ZnSO4,stainless-steel mesh,2.5,1.6,0.5,91
4.81,1.09,972.4,1.67,0.21,0.82,2M ZnSO4,stainless-steel mesh,2.5,1.6,1,84.9
4.81,1.09,972.4,1.67,0.21,0.82,2M ZnSO4,stainless-steel mesh,2.5,1.6,2,78.2
4.81,1.09,972.4,1.67,0.21,0.82,2M ZnSO4,stainless-steel mesh,2.5,1.6,3,74.2
4.81,1.09,972.4,1.67,0.21,0.82,2M ZnSO4,stainless-steel mesh,2.5,1.6,4,70.8
4.81,1.09,972.4,1.67,0.21,0.82,2M ZnSO4,stainless-steel mesh,2.5,1.6,5,68.5
4.81,1.09,972.4,1.67,0.21,0.82,2M ZnSO4,stainless-steel mesh,2.5,1.6,10,60.3
4.81,1.09,972.4,1.67,0.21,0.82,2M ZnSO4,stainless-steel mesh,2.5,1.6,15,56.5
4.81,1.09,972.4,1.67,0.21,0.82,2M ZnSO4,stainless-steel mesh,2.5,1.6,20,52.1
4.81,1.09,972.4,1.67,0.21,0.82,2M ZnSO4,stainless-steel mesh,2.5,1.6,30,44.8
4.89,1.74,1666.8,2.42,0.136,0.88,2M ZnSO4,stainless-steel mesh,2.5,1.6,0.2,132.9
4.89,1.74,1666.8,2.42,0.136,0.88,2M ZnSO4,stainless-steel mesh,2.5,1.6,0.5,114.4
4.89,1.74,1666.8,2.42,0.136,0.88,2M ZnSO4,stainless-steel mesh,2.5,1.6,1,108.9
4.89,1.74,1666.8,2.42,0.136,0.88,2M ZnSO4,stainless-steel mesh,2.5,1.6,2,99.4
4.89,1.74,1666.8,2.42,0.136,0.88,2M ZnSO4,stainless-steel mesh,2.5,1.6,3,95.6
4.89,1.74,1666.8,2.42,0.136,0.88,2M ZnSO4,stainless-steel mesh,2.5,1.6,4,91.1
4.89,1.74,1666.8,2.42,0.136,0.88,2M ZnSO4,stainless-steel mesh,2.5,1.6,5,89.9
4.89,1.74,1666.8,2.42,0.136,0.88,2M ZnSO4,stainless-steel mesh,2.5,1.6,10,83.3
4.89,1.74,1666.8,2.42,0.136,0.88,2M ZnSO4,stainless-steel mesh,2.5,1.6,15,80.8
4.89,1.74,1666.8,2.42,0.136,0.88,2M ZnSO4,stainless-steel mesh,2.5,1.6,20,76.6
4.89,1.74,1666.8,2.42,0.136,0.88,2M ZnSO4,stainless-steel mesh,2.5,1.6,30,73.3
4.89,1.74,1666.8,2.42,0.136,0.88,2M ZnSO4,stainless-steel mesh,2.5,1.6,40,68.8
4.89,1.74,1666.8,2.42,0.136,0.88,2M ZnSO4,stainless-steel mesh,2.5,1.6,50,65.2
6.42,2.75,1301.6,3.04,0.074,0.92,2M ZnSO4,stainless-steel mesh,2.5,1.6,0.2,67.8
6.42,2.75,1301.6,3.04,0.074,0.92,2M ZnSO4,stainless-steel mesh,2.5,1.6,0.5,59.8
6.42,2.75,1301.6,3.04,0.074,0.92,2M ZnSO4,stainless-steel mesh,2.5,1.6,1,56.8
6.42,2.75,1301.6,3.04,0.074,0.92,2M ZnSO4,stainless-steel mesh,2.5,1.6,2,53.2
6.42,2.75,1301.6,3.04,0.074,0.92,2M ZnSO4,stainless-steel mesh,2.5,1.6,3,51.7
6.42,2.75,1301.6,3.04,0.074,0.92,2M ZnSO4,stainless-steel mesh,2.5,1.6,4,49.9
6.42,2.75,1301.6,3.04,0.074,0.92,2M ZnSO4,stainless-steel mesh,2.5,1.6,5,49.2
6.42,2.75,1301.6,3.04,0.074,0.92,2M ZnSO4,stainless-steel mesh,2.5,1.6,10,45.5
6.42,2.75,1301.6,3.04,0.074,0.92,2M ZnSO4,stainless-steel mesh,2.5,1.6,15,43.7
6.42,2.75,1301.6,3.04,0.074,0.92,2M ZnSO4,stainless-steel mesh,2.5,1.6,20,41.1
6.42,2.75,1301.6,3.04,0.074,0.92,2M ZnSO4,stainless-steel mesh,2.5,1.6,30,37.4
9.1,3.1,1055,0.95,0.583,1.06,2M ZnSO4,stainless-steel mesh,1,1.7,0.1,230
9.1,3.1,1055,0.95,0.583,1.06,2M ZnSO4,stainless-steel mesh,1,1.7,0.2,165
9.1,3.1,1055,0.95,0.583,1.06,2M ZnSO4,stainless-steel mesh,1,1.7,0.5,150
9.1,3.1,1055,0.95,0.583,1.06,2M ZnSO4,stainless-steel mesh,1,1.7,1,137
9.1,3.1,1055,0.95,0.583,1.06,2M ZnSO4,stainless-steel mesh,1,1.7,2,127
9.1,3.1,1055,0.95,0.583,1.06,2M ZnSO4,stainless-steel mesh,1,1.7,5,122
9.1,3.1,1055,0.95,0.583,1.06,2M ZnSO4,stainless-steel mesh,1,1.7,10,118
6.1,7.2,1843,1.1,0.447,1.01,2M ZnSO4,stainless-steel mesh,1,1.6,0.5,181
6.1,7.2,1843,1.1,0.447,1.01,2M ZnSO4,stainless-steel mesh,1,1.6,1,153.3
6.1,7.2,1843,1.1,0.447,1.01,2M ZnSO4,stainless-steel mesh,1,1.6,2,137.2
6.1,7.2,1843,1.1,0.447,1.01,2M ZnSO4,stainless-steel mesh,1,1.6,3,130.2
6.1,7.2,1843,1.1,0.447,1.01,2M ZnSO4,stainless-steel mesh,1,1.6,5,121.7
6.1,7.2,1843,1.1,0.447,1.01,2M ZnSO4,stainless-steel mesh,1,1.6,10,110.4
6.1,7.2,1843,1.1,0.447,1.01,2M ZnSO4,stainless-steel mesh,1,1.6,15,104
4.2,6.3,543,0.9,0.125,0.99,2M ZnSO4,stainless-steel mesh,1,1.6,0.5,110
4.2,6.3,543,0.9,0.125,0.99,2M ZnSO4,stainless-steel mesh,1,1.6,1,97.8
4.2,6.3,543,0.9,0.125,0.99,2M ZnSO4,stainless-steel mesh,1,1.6,2,89.8
4.2,6.3,543,0.9,0.125,0.99,2M ZnSO4,stainless-steel mesh,1,1.6,3,84.9
4.2,6.3,543,0.9,0.125,0.99,2M ZnSO4,stainless-steel mesh,1,1.6,5,78.4
4.2,6.3,543,0.9,0.125,0.99,2M ZnSO4,stainless-steel mesh,1,1.6,10,67.2
4.2,6.3,543,0.9,0.125,0.99,2M ZnSO4,stainless-steel mesh,1,1.6,15,58.2
10.8,5.7,1454,0.83,0.122,1.05,2M ZnSO4,stainless-steel mesh,1,1.6,0.5,98
10.8,5.7,1454,0.83,0.122,1.05,2M ZnSO4,stainless-steel mesh,1,1.6,1,81.7
10.8,5.7,1454,0.83,0.122,1.05,2M ZnSO4,stainless-steel mesh,1,1.6,2,72.2
10.8,5.7,1454,0.83,0.122,1.05,2M ZnSO4,stainless-steel mesh,1,1.6,3,67
10.8,5.7,1454,0.83,0.122,1.05,2M ZnSO4,stainless-steel mesh,1,1.6,5,60.7
10.8,5.7,1454,0.83,0.122,1.05,2M ZnSO4,stainless-steel mesh,1,1.6,10,50.9
10.8,5.7,1454,0.83,0.122,1.05,2M ZnSO4,stainless-steel mesh,1,1.6,15,45.1
9.33,6.25,1021,1.07,1.89,0.84,3M Zn(CF3SO3)2,stainless-steel mesh,10,1.8,0.2,122.3
9.33,6.25,1021,1.07,1.89,0.84,3M Zn(CF3SO3)2,stainless-steel mesh,10,1.8,0.5,108.1
9.33,6.25,1021,1.07,1.89,0.84,3M Zn(CF3SO3)2,stainless-steel mesh,10,1.8,1,103.8
9.33,6.25,1021,1.07,1.89,0.84,3M Zn(CF3SO3)2,stainless-steel mesh,10,1.8,2,94.2
9.33,6.25,1021,1.07,1.89,0.84,3M Zn(CF3SO3)2,stainless-steel mesh,10,1.8,5,85.6
9.33,6.25,1021,1.07,1.89,0.84,3M Zn(CF3SO3)2,stainless-steel mesh,10,1.8,10,76
9.33,6.25,1021,1.07,1.89,0.84,3M Zn(CF3SO3)2,stainless-steel mesh,10,1.8,20,59.1
8,8.12,1685,1.2,0.508,0.85,3M Zn(CF3SO3)2,stainless-steel mesh,10,1.8,0.2,153.8
8,8.12,1685,1.2,0.508,0.85,3M Zn(CF3SO3)2,stainless-steel mesh,10,1.8,0.5,146.9
8,8.12,1685,1.2,0.508,0.85,3M Zn(CF3SO3)2,stainless-steel mesh,10,1.8,1,127.3
8,8.12,1685,1.2,0.508,0.85,3M Zn(CF3SO3)2,stainless-steel mesh,10,1.8,2,117
8,8.12,1685,1.2,0.508,0.85,3M Zn(CF3SO3)2,stainless-steel mesh,10,1.8,5,108.7
8,8.12,1685,1.2,0.508,0.85,3M Zn(CF3SO3)2,stainless-steel mesh,10,1.8,10,95.5
8,8.12,1685,1.2,0.508,0.85,3M Zn(CF3SO3)2,stainless-steel mesh,10,1.8,20,82.3
9.75,7.83,2370,2.18,0.319,0.85,3M Zn(CF3SO3)2,stainless-steel mesh,10,1.8,0.2,250
9.75,7.83,2370,2.18,0.319,0.85,3M Zn(CF3SO3)2,stainless-steel mesh,10,1.8,0.5,217.5
9.75,7.83,2370,2.18,0.319,0.85,3M Zn(CF3SO3)2,stainless-steel mesh,10,1.8,1,184.3
9.75,7.83,2370,2.18,0.319,0.85,3M Zn(CF3SO3)2,stainless-steel mesh,10,1.8,2,163.5
9.75,7.83,2370,2.18,0.319,0.85,3M Zn(CF3SO3)2,stainless-steel mesh,10,1.8,5,156.8
9.75,7.83,2370,2.18,0.319,0.85,3M Zn(CF3SO3)2,stainless-steel mesh,10,1.8,10,151.9
9.75,7.83,2370,2.18,0.319,0.85,3M Zn(CF3SO3)2,stainless-steel mesh,10,1.8,20,149.2
9.75,7.83,2370,2.18,0.319,0.85,3M Zn(CF3SO3)2,stainless-steel mesh,5,1.8,0.2,268
9.75,7.83,2370,2.18,0.319,0.85,3M Zn(CF3SO3)2,stainless-steel mesh,20,1.8,0.2,210
4.41,12.14,494,0.27,1.7,3.1,2M ZnSO4,stainless steel,1,1.6,0.2,138.5
4.41,12.14,494,0.27,1.7,3.1,2M ZnSO4,stainless steel,1,1.6,0.5,112.9
4.41,12.14,494,0.27,1.7,3.1,2M ZnSO4,stainless steel,1,1.6,1,98.1
4.41,12.14,494,0.27,1.7,3.1,2M ZnSO4,stainless steel,1,1.6,2,89.3
4.41,12.14,494,0.27,1.7,3.1,2M ZnSO4,stainless steel,1,1.6,5,77.6
4.41,12.14,494,0.27,1.7,3.1,2M ZnSO4,stainless steel,1,1.6,10,69
4.41,12.14,494,0.27,1.7,3.1,2M ZnSO4,stainless steel,1,1.6,20,61.8
4.41,12.14,494,0.27,1.7,3.1,2M ZnSO4,stainless steel,1,1.6,40,48.7
4.41,12.14,494,0.27,1.7,3.1,2M ZnSO4,stainless steel,1,1.6,60,38.7
4.41,12.14,494,0.27,1.7,3.1,2M ZnSO4,stainless steel,1,1.6,80,28.8
5.51,5.19,642,0.58,0.184,3.5,2M ZnSO4,stainless steel,1,1.6,0.2,149.9
5.51,5.19,642,0.58,0.184,3.5,2M ZnSO4,stainless steel,1,1.6,0.5,128.2
5.51,5.19,642,0.58,0.184,3.5,2M ZnSO4,stainless steel,1,1.6,1,112.4
5.51,5.19,642,0.58,0.184,3.5,2M ZnSO4,stainless steel,1,1.6,2,102.5
5.51,5.19,642,0.58,0.184,3.5,2M ZnSO4,stainless steel,1,1.6,5,90.9
5.51,5.19,642,0.58,0.184,3.5,2M ZnSO4,stainless steel,1,1.6,10,83.2
5.51,5.19,642,0.58,0.184,3.5,2M ZnSO4,stainless steel,1,1.6,20,73.8
5.51,5.19,642,0.58,0.184,3.5,2M ZnSO4,stainless steel,1,1.6,40,63.3
5.51,5.19,642,0.58,0.184,3.5,2M ZnSO4,stainless steel,1,1.6,60,55.4
5.51,5.19,642,0.58,0.184,3.5,2M ZnSO4,stainless steel,1,1.6,80,46.9
7.41,0.53,1398.2,0.79,2.038,0.7,1M ZnSO4,stainless steel,1,1.6,0.2,94.6
7.41,0.53,1398.2,0.79,2.038,0.7,1M ZnSO4,stainless steel,1,1.6,0.5,84
7.41,0.53,1398.2,0.79,2.038,0.7,1M ZnSO4,stainless steel,1,1.6,0.8,80.3
7.41,0.53,1398.2,0.79,2.038,0.7,1M ZnSO4,stainless steel,1,1.6,1,77.9
7.41,0.53,1398.2,0.79,2.038,0.7,1M ZnSO4,stainless steel,1,1.6,2,75
7.41,0.53,1398.2,0.79,2.038,0.7,1M ZnSO4,stainless steel,1,1.6,5,71.3
7.41,0.53,1398.2,0.79,2.038,0.7,1M ZnSO4,stainless steel,1,1.6,8,67.5
7.41,0.53,1398.2,0.79,2.038,0.7,1M ZnSO4,stainless steel,1,1.6,10,65.7
3.37,0,3252.6,3.428,0.11,1.02,1M Zn(CF3SO3)2,stainless-steel mesh,1,1.6,0.3,98.2
3.37,0,3252.6,3.428,0.11,1.02,1M Zn(CF3SO3)2,stainless-steel mesh,1,1.6,0.5,94.2
3.37,0,3252.6,3.428,0.11,1.02,1M Zn(CF3SO3)2,stainless-steel mesh,1,1.6,1,89.5
3.37,0,3252.6,3.428,0.11,1.02,1M Zn(CF3SO3)2,stainless-steel mesh,1,1.6,3,80.1
3.37,0,3252.6,3.428,0.11,1.02,1M Zn(CF3SO3)2,stainless-steel mesh,1,1.6,5,76.2
3.37,0,3252.6,3.428,0.11,1.02,1M Zn(CF3SO3)2,stainless-steel mesh,1,1.6,8,73
3.37,0,3252.6,3.428,0.11,1.02,1M Zn(CF3SO3)2,stainless-steel mesh,1,1.6,10,67.9
3.37,0,3252.6,3.428,0.11,1.02,1M Zn(CF3SO3)2,stainless-steel mesh,1,1.6,20,61.2
3.37,0,3252.6,3.428,0.11,1.02,1M Zn(CF3SO3)2,stainless-steel mesh,1,1.6,30,56.4
2.75,0.95,1687.1,1.75,0.101,1.11,1M Zn(CF3SO3)2,stainless-steel mesh,1,1.6,0.3,111.6
2.75,0.95,1687.1,1.75,0.101,1.11,1M Zn(CF3SO3)2,stainless-steel mesh,1,1.6,0.5,105.1
2.75,0.95,1687.1,1.75,0.101,1.11,1M Zn(CF3SO3)2,stainless-steel mesh,1,1.6,1,102
2.75,0.95,1687.1,1.75,0.101,1.11,1M Zn(CF3SO3)2,stainless-steel mesh,1,1.6,3,96.6
2.75,0.95,1687.1,1.75,0.101,1.11,1M Zn(CF3SO3)2,stainless-steel mesh,1,1.6,5,92.4
2.75,0.95,1687.1,1.75,0.101,1.11,1M Zn(CF3SO3)2,stainless-steel mesh,1,1.6,8,90
2.75,0.95,1687.1,1.75,0.101,1.11,1M Zn(CF3SO3)2,stainless-steel mesh,1,1.6,10,88.5
2.75,0.95,1687.1,1.75,0.101,1.11,1M Zn(CF3SO3)2,stainless-steel mesh,1,1.6,20,79.9
2.75,0.95,1687.1,1.75,0.101,1.11,1M Zn(CF3SO3)2,stainless-steel mesh,1,1.6,30,72.4
1.91,2.99,2330.9,2.756,0.105,1.24,1M Zn(CF3SO3)2,stainless-steel mesh,1,1.6,0.3,125.3
1.91,2.99,2330.9,2.756,0.105,1.24,1M Zn(CF3SO3)2,stainless-steel mesh,1,1.6,0.5,117.3
1.91,2.99,2330.9,2.756,0.105,1.24,1M Zn(CF3SO3)2,stainless-steel mesh,1,1.6,1,115.3
1.91,2.99,2330.9,2.756,0.105,1.24,1M Zn(CF3SO3)2,stainless-steel mesh,1,1.6,3,105.9
1.91,2.99,2330.9,2.756,0.105,1.24,1M Zn(CF3SO3)2,stainless-steel mesh,1,1.6,5,99.8
1.91,2.99,2330.9,2.756,0.105,1.24,1M Zn(CF3SO3)2,stainless-steel mesh,1,1.6,8,97.5
1.91,2.99,2330.9,2.756,0.105,1.24,1M Zn(CF3SO3)2,stainless-steel mesh,1,1.6,10,94.5
1.91,2.99,2330.9,2.756,0.105,1.24,1M Zn(CF3SO3)2,stainless-steel mesh,1,1.6,20,88.9
1.91,2.99,2330.9,2.756,0.105,1.24,1M Zn(CF3SO3)2,stainless-steel mesh,1,1.6,30,83.1
1.9,1.3,1317.4,1.384,0.126,1.05,1M Zn(CF3SO3)2,stainless-steel mesh,1,1.6,0.3,107.6
1.9,1.3,1317.4,1.384,0.126,1.05,1M Zn(CF3SO3)2,stainless-steel mesh,1,1.6,0.5,103
1.9,1.3,1317.4,1.384,0.126,1.05,1M Zn(CF3SO3)2,stainless-steel mesh,1,1.6,1,99.7
1.9,1.3,1317.4,1.384,0.126,1.05,1M Zn(CF3SO3)2,stainless-steel mesh,1,1.6,3,91.6
1.9,1.3,1317.4,1.384,0.126,1.05,1M Zn(CF3SO3)2,stainless-steel mesh,1,1.6,5,88.7
1.9,1.3,1317.4,1.384,0.126,1.05,1M Zn(CF3SO3)2,stainless-steel mesh,1,1.6,8,82.4
1.9,1.3,1317.4,1.384,0.126,1.05,1M Zn(CF3SO3)2,stainless-steel mesh,1,1.6,10,79.6
1.9,1.3,1317.4,1.384,0.126,1.05,1M Zn(CF3SO3)2,stainless-steel mesh,1,1.6,20,71.9
1.9,1.3,1317.4,1.384,0.126,1.05,1M Zn(CF3SO3)2,stainless-steel mesh,1,1.6,30,63.1
6.2,1.6,2691.3,1.77,0.487,1.088,2M ZnSO4,stainless-steel mesh,1.1,1.79,0.1,189.3
6.2,1.6,2691.3,1.77,0.487,1.088,2M ZnSO4,stainless-steel mesh,1.1,1.79,0.2,160.1
6.2,1.6,2691.3,1.77,0.487,1.088,2M ZnSO4,stainless-steel mesh,1.1,1.79,0.5,133.8
6.2,1.6,2691.3,1.77,0.487,1.088,2M ZnSO4,stainless-steel mesh,1.1,1.79,1,123.8
6.2,1.6,2691.3,1.77,0.487,1.088,2M ZnSO4,stainless-steel mesh,1.1,1.79,2,116.1
6.2,1.6,2691.3,1.77,0.487,1.088,2M ZnSO4,stainless-steel mesh,1.1,1.79,5,106.5
6.2,1.6,2691.3,1.77,0.487,1.088,2M ZnSO4,stainless-steel mesh,1.1,1.79,10,101.1
6.2,1.6,2691.3,1.77,0.487,1.088,2M ZnSO4,stainless-steel mesh,1.1,1.79,20,96.7
8.2,0,1500,0.78,2.25,1.01,1M ZnSO4,stainless-steel mesh,2,1.6,0.5,89.3
8.2,0,1500,0.78,2.25,1.01,1M ZnSO4,stainless-steel mesh,2,1.6,1,80.4
8.2,0,1500,0.78,2.25,1.01,1M ZnSO4,stainless-steel mesh,2,1.6,2,76.4
8.2,0,1500,0.78,2.25,1.01,1M ZnSO4,stainless-steel mesh,2,1.6,5,71.1
8.2,0,1500,0.78,2.25,1.01,1M ZnSO4,stainless-steel mesh,2,1.6,10,65.8
8.2,0,1500,0.78,2.25,1.01,1M ZnSO4,stainless-steel mesh,2,1.6,20,58.2
8.2,0,1500,0.78,2.25,1.01,1M ZnSO4,stainless-steel mesh,2,1.6,50,44.9
8.2,0,1500,0.78,2.25,1.01,1M ZnSO4,stainless-steel mesh,2,1.6,100,18.2
6.3,0,1886,0.93,2.444,1.04,1M ZnSO4,stainless-steel mesh,2,1.6,0.5,81.8
6.3,0,1886,0.93,2.444,1.04,1M ZnSO4,stainless-steel mesh,2,1.6,1,76
6.3,0,1886,0.93,2.444,1.04,1M ZnSO4,stainless-steel mesh,2,1.6,2,67.1
6.3,0,1886,0.93,2.444,1.04,1M ZnSO4,stainless-steel mesh,2,1.6,5,62.2
6.3,0,1886,0.93,2.444,1.04,1M ZnSO4,stainless-steel mesh,2,1.6,10,56.4
6.3,0,1886,0.93,2.444,1.04,1M ZnSO4,stainless-steel mesh,2,1.6,20,50.7
6.3,0,1886,0.93,2.444,1.04,1M ZnSO4,stainless-steel mesh,2,1.6,50,40.9
6.3,0,1886,0.93,2.444,1.04,1M ZnSO4,stainless-steel mesh,2,1.6,100,28.4
6.8,0,1410,0.77,1.75,1.09,1M ZnSO4,stainless-steel mesh,2,1.6,0.5,136.9
6.8,0,1410,0.77,1.75,1.09,1M ZnSO4,stainless-steel mesh,2,1.6,1,113.3
6.8,0,1410,0.77,1.75,1.09,1M ZnSO4,stainless-steel mesh,2,1.6,2,102.2
6.8,0,1410,0.77,1.75,1.09,1M ZnSO4,stainless-steel mesh,2,1.6,5,92.4
6.8,0,1410,0.77,1.75,1.09,1M ZnSO4,stainless-steel mesh,2,1.6,10,85.8
6.8,0,1410,0.77,1.75,1.09,1M ZnSO4,stainless-steel mesh,2,1.6,20,79.1
6.8,0,1410,0.77,1.75,1.09,1M ZnSO4,stainless-steel mesh,2,1.6,50,72
6.8,0,1410,0.77,1.75,1.09,1M ZnSO4,stainless-steel mesh,2,1.6,100,61.8
4.3,0,1655,0.81,2.522,1.05,1M ZnSO4,stainless-steel mesh,2,1.6,0.5,73.3
4.3,0,1655,0.81,2.522,1.05,1M ZnSO4,stainless-steel mesh,2,1.6,1,64.4
4.3,0,1655,0.81,2.522,1.05,1M ZnSO4,stainless-steel mesh,2,1.6,2,59.1
4.3,0,1655,0.81,2.522,1.05,1M ZnSO4,stainless-steel mesh,2,1.6,5,54.7
4.3,0,1655,0.81,2.522,1.05,1M ZnSO4,stainless-steel mesh,2,1.6,10,51.6
4.3,0,1655,0.81,2.522,1.05,1M ZnSO4,stainless-steel mesh,2,1.6,20,45.3
4.3,0,1655,0.81,2.522,1.05,1M ZnSO4,stainless-steel mesh,2,1.6,50,41.8
4.3,0,1655,0.81,2.522,1.05,1M ZnSO4,stainless-steel mesh,2,1.6,100,31.6
6.15,13.57,1274.8,0.551,2.51,1.97,2M ZnSO4,stainless-steel mesh,1,1.6,0.5,127.5
6.15,13.57,1274.8,0.551,2.51,1.97,2M ZnSO4,stainless-steel mesh,1,1.6,1,117.1
6.15,13.57,1274.8,0.551,2.51,1.97,2M ZnSO4,stainless-steel mesh,1,1.6,2,106.8
6.15,13.57,1274.8,0.551,2.51,1.97,2M ZnSO4,stainless-steel mesh,1,1.6,5,87.8
6.15,13.57,1274.8,0.551,2.51,1.97,2M ZnSO4,stainless-steel mesh,1,1.6,10,67.9
6.15,13.57,1274.8,0.551,2.51,1.97,2M ZnSO4,stainless-steel mesh,1,1.6,20,42.4
6.15,13.57,1274.8,0.551,2.51,1.97,2M ZnSO4,stainless-steel mesh,1,1.6,30,23.9
6.15,13.57,1274.8,0.551,2.51,1.97,2M ZnSO4,stainless-steel mesh,1,1.6,60,17.4
6.82,2.11,3407.6,1.953,0.416,2.41,2M ZnSO4,stainless-steel mesh,1,1.6,0.5,194.4
6.82,2.11,3407.6,1.953,0.416,2.41,2M ZnSO4,stainless-steel mesh,1,1.6,1,178.5
6.82,2.11,3407.6,1.953,0.416,2.41,2M ZnSO4,stainless-steel mesh,1,1.6,2,165.5
6.82,2.11,3407.6,1.953,0.416,2.41,2M ZnSO4,stainless-steel mesh,1,1.6,5,147.4
6.82,2.11,3407.6,1.953,0.416,2.41,2M ZnSO4,stainless-steel mesh,1,1.6,10,131.8
6.82,2.11,3407.6,1.953,0.416,2.41,2M ZnSO4,stainless-steel mesh,1,1.6,20,113.7
6.82,2.11,3407.6,1.953,0.416,2.41,2M ZnSO4,stainless-steel mesh,1,1.6,30,102.5
6.82,2.11,3407.6,1.953,0.416,2.41,2M ZnSO4,stainless-steel mesh,1,1.6,60,77.9
7.48,2.67,3553.1,2.071,0.363,2.79,2M ZnSO4,stainless-steel mesh,1,1.6,0.5,199.1
7.48,2.67,3553.1,2.071,0.363,2.79,2M ZnSO4,stainless-steel mesh,1,1.6,1,183
7.48,2.67,3553.1,2.071,0.363,2.79,2M ZnSO4,stainless-steel mesh,1,1.6,2,172.4
7.48,2.67,3553.1,2.071,0.363,2.79,2M ZnSO4,stainless-steel mesh,1,1.6,5,159.6
7.48,2.67,3553.1,2.071,0.363,2.79,2M ZnSO4,stainless-steel mesh,1,1.6,10,150.3
7.48,2.67,3553.1,2.071,0.363,2.79,2M ZnSO4,stainless-steel mesh,1,1.6,20,139.9
7.48,2.67,3553.1,2.071,0.363,2.79,2M ZnSO4,stainless-steel mesh,1,1.6,30,130.1
7.48,2.67,3553.1,2.071,0.363,2.79,2M ZnSO4,stainless-steel mesh,1,1.6,60,118.8
7.48,2.67,3553.1,2.071,0.363,2.79,2M ZnSO4,stainless-steel mesh,3,1.6,0.5,134.3
7.48,2.67,3553.1,2.071,0.363,2.79,2M ZnSO4,stainless-steel mesh,5,1.6,0.5,112.6
7.48,2.67,3553.1,2.071,0.363,2.79,2M ZnSO4,stainless-steel mesh,10,1.6,0.5,103.4
7.48,2.67,3553.1,2.071,0.363,2.79,2M ZnSO4,stainless-steel mesh,20,1.6,0.5,94
7.48,2.67,3553.1,2.071,0.363,2.79,2M ZnSO4,stainless-steel mesh,30,1.6,0.5,85.3
7.48,2.67,3553.1,2.071,0.363,2.79,2M ZnSO4,stainless-steel mesh,45,1.6,0.5,73.5
6.93,1.98,3415.3,2.482,0.19,2.82,2M ZnSO4,stainless-steel mesh,1,1.6,0.5,169.3
6.93,1.98,3415.3,2.482,0.19,2.82,2M ZnSO4,stainless-steel mesh,1,1.6,1,155.4
6.93,1.98,3415.3,2.482,0.19,2.82,2M ZnSO4,stainless-steel mesh,1,1.6,2,144.7
6.93,1.98,3415.3,2.482,0.19,2.82,2M ZnSO4,stainless-steel mesh,1,1.6,5,134
6.93,1.98,3415.3,2.482,0.19,2.82,2M ZnSO4,stainless-steel mesh,1,1.6,10,125.7
6.93,1.98,3415.3,2.482,0.19,2.82,2M ZnSO4,stainless-steel mesh,1,1.6,20,118.9
6.93,1.98,3415.3,2.482,0.19,2.82,2M ZnSO4,stainless-steel mesh,1,1.6,30,114.5
6.93,1.98,3415.3,2.482,0.19,2.82,2M ZnSO4,stainless-steel mesh,1,1.6,60,105.9
