O,N,B,S,P,SSA,Vt,mic/mes,ID/IG,Elyte,CurCol,Active mass loading,DV,I/m,Cs
,0,0,0,0,3401,2.03,1,2.272727273,2M ZnSO4 + 1M Na2SO4,Carbon cloth,0.9,1.79,0.1,305
,0,0,0,0,3401,2.03,1,2.272727273,2M ZnSO4 + 1M Na2SO4,Carbon cloth,0.9,1.79,0.2,204
,0,0,0,0,3401,2.03,1,2.272727273,2M ZnSO4 + 1M Na2SO4,Carbon cloth,0.9,1.79,0.3,174
,0,0,0,0,3401,2.03,1,2.272727273,2M ZnSO4 + 1M Na2SO4,Carbon cloth,0.9,1.79,0.5,147
,0,0,0,0,3401,2.03,1,2.272727273,2M ZnSO4 + 1M Na2SO4,Carbon cloth,0.9,1.79,1,127
,0,0,0,0,3401,2.03,1,2.272727273,2M ZnSO4 + 1M Na2SO4,Carbon cloth,0.9,1.79,2,115
,0,0,0,0,3401,2.03,1,2.272727273,2M ZnSO4 + 1M Na2SO4,Carbon cloth,0.9,1.79,3,108
,0,0,0,0,3401,2.03,1,2.272727273,2M ZnSO4 + 1M Na2SO4,Carbon cloth,0.9,1.79,5,101
,0,0,0,0,3197,1.8,0.978,2.5,2M ZnSO4 + 1M Na2SO4,Carbon cloth,0.9,1.79,0.2,179
,0,0,0,0,3197,1.8,0.978,2.5,2M ZnSO4 + 1M Na2SO4,Carbon cloth,0.9,1.79,5,45
,0,0,0,0,1904,0.76,9.857,2.127659574,2M ZnSO4 + 1M Na2SO4,Carbon cloth,0.9,1.79,0.2,125
,0,0,0,0,1904,0.76,9.857,2.127659574,2M ZnSO4 + 1M Na2SO4,Carbon cloth,0.9,1.79,5,59
,0,0,0,0,320.3,0.3686,0.612,0.975,2M ZnSO4,Carbon cloth,1.25,1.6,0.1,62
7.15,3.52,0,0,0,1546.1,0.5753,14.558,1.029,2M ZnSO4,Carbon cloth,1.25,1.6,0.1,85
8.12,3.79,3.66,0,0,1315.2,0.5116,9.33,1.038,2M ZnSO4,Carbon cloth,1.25,1.6,0.1,114
,,0,0,0,819.78,0.65,3.336,,2M ZnSO4,stainless-steel,3,1.6,0.1,71.53
,,0,0,0,1057.53,0.94,4.657,,2M ZnSO4,stainless-steel,3,1.6,0.1,100.69
7.67,7.09,0,0,0,1164.65,0.91,3.376,,2M ZnSO4,stainless-steel,3,1.6,0.1,125.69
7.67,7.09,0,0,0,1164.65,0.91,3.376,,2M ZnSO4,stainless-steel,3,1.6,10,54.86
,,0,0,0,1274.87,0.83,6.896,,2M ZnSO4,stainless-steel,3,1.6,0.1,102.78
21.55,3.29,0,0,0,1140.8,0.86,0.157,0.82,1M Zn(CF3SO3)2,stainless-steel,2.5,1.8,0.1,90.2
21.55,3.29,0,0,0,1140.8,0.86,0.157,0.82,1M Zn(CF3SO3)2,stainless-steel,2.5,1.8,0.25,86.3
21.55,3.29,0,0,0,1140.8,0.86,0.157,0.82,1M Zn(CF3SO3)2,stainless-steel,2.5,1.8,0.5,79.9
21.55,3.29,0,0,0,1140.8,0.86,0.157,0.82,1M Zn(CF3SO3)2,stainless-steel,2.5,1.8,1,70.3
21.55,3.29,0,0,0,1140.8,0.86,0.157,0.82,1M Zn(CF3SO3)2,stainless-steel,2.5,1.8,2,64.8
21.55,3.29,0,0,0,1140.8,0.86,0.157,0.82,1M Zn(CF3SO3)2,stainless-steel,2.5,1.8,5,51.5
21.55,3.29,0,0,0,1140.8,0.86,0.157,0.82,1M Zn(CF3SO3)2,stainless-steel,2.5,1.8,10,38.5
21.55,3.29,0,0,0,1140.8,0.86,0.157,0.82,1M Zn(CF3SO3)2,stainless-steel,2.5,1.8,20,23.3
17.66,3.01,0,1.12,0,508,0.34,0.099,0.86,1M Zn(CF3SO3)2,stainless-steel,2.5,1.8,0.1,69.1
17.66,3.01,0,1.12,0,508,0.34,0.099,0.86,1M Zn(CF3SO3)2,stainless-steel,2.5,1.8,0.25,60.1
17.66,3.01,0,1.12,0,508,0.34,0.099,0.86,1M Zn(CF3SO3)2,stainless-steel,2.5,1.8,0.5,56.4
17.66,3.01,0,1.12,0,508,0.34,0.099,0.86,1M Zn(CF3SO3)2,stainless-steel,2.5,1.8,1,47.4
17.66,3.01,0,1.12,0,508,0.34,0.099,0.86,1M Zn(CF3SO3)2,stainless-steel,2.5,1.8,2,40.9
17.66,3.01,0,1.12,0,508,0.34,0.099,0.86,1M Zn(CF3SO3)2,stainless-steel,2.5,1.8,5,34.2
17.66,3.01,0,1.12,0,508,0.34,0.099,0.86,1M Zn(CF3SO3)2,stainless-steel,2.5,1.8,10,19.8
17.66,3.01,0,1.12,0,508,0.34,0.099,0.86,1M Zn(CF3SO3)2,stainless-steel,2.5,1.8,20,9.5
16.08,2.82,0,1.78,0,1384.7,0.97,0.17,0.89,1M Zn(CF3SO3)2,stainless-steel,2.5,1.8,0.1,136.3
16.08,2.82,0,1.78,0,1384.7,0.97,0.17,0.89,1M Zn(CF3SO3)2,stainless-steel,2.5,1.8,0.25,126.4
16.08,2.82,0,1.78,0,1384.7,0.97,0.17,0.89,1M Zn(CF3SO3)2,stainless-steel,2.5,1.8,0.5,120.3
16.08,2.82,0,1.78,0,1384.7,0.97,0.17,0.89,1M Zn(CF3SO3)2,stainless-steel,2.5,1.8,1,112.6
16.08,2.82,0,1.78,0,1384.7,0.97,0.17,0.89,1M Zn(CF3SO3)2,stainless-steel,2.5,1.8,2,108.4
16.08,2.82,0,1.78,0,1384.7,0.97,0.17,0.89,1M Zn(CF3SO3)2,stainless-steel,2.5,1.8,5,100.4
16.08,2.82,0,1.78,0,1384.7,0.97,0.17,0.89,1M Zn(CF3SO3)2,stainless-steel,2.5,1.8,10,94.5
16.08,2.82,0,1.78,0,1384.7,0.97,0.17,0.89,1M Zn(CF3SO3)2,stainless-steel,2.5,1.8,20,86.5
7,1.8,0,0.2,0.3,2263,,7.31,1.43,2M ZnSO4,stainless-steel,,1.6,0.5,177
7,1.8,0,0.2,0.3,2263,,7.31,1.43,2M ZnSO4,stainless-steel,,1.6,1,145
7,1.8,0,0.2,0.3,2263,,7.31,1.43,2M ZnSO4,stainless-steel,,1.6,2,110
7,1.8,0,0.2,0.3,2263,,7.31,1.43,2M ZnSO4,stainless-steel,,1.6,4,81
7,1.8,0,0.2,0.3,2263,,7.31,1.43,2M ZnSO4,stainless-steel,,1.6,5,72
7,1.8,0,0.2,0.3,2263,,7.31,1.43,2M ZnSO4,stainless-steel,,1.6,6,63
7,1.8,0,0.2,0.3,2263,,7.31,1.43,2M ZnSO4,stainless-steel,,1.6,8,49
7,1.8,0,0.2,0.3,2263,,7.31,1.43,2M ZnSO4,stainless-steel,,1.6,10,36
8.2,5.3,0,0,0,879,0.447,1.54,2.27,2M ZnSO4,stainless-steel,1,1.6,0.1,136.8
8.2,5.3,0,0,0,879,0.447,1.54,2.27,2M ZnSO4,stainless-steel,1,1.6,0.5,110.9
8.2,5.3,0,0,0,879,0.447,1.54,2.27,2M ZnSO4,stainless-steel,1,1.6,1,102.6
8.2,5.3,0,0,0,879,0.447,1.54,2.27,2M ZnSO4,stainless-steel,1,1.6,5,76.1
8.2,5.3,0,0,0,879,0.447,1.54,2.27,2M ZnSO4,stainless-steel,1,1.6,10,66.5
5.68,1.49,0,0,0,1640.1,1.41,0.489,0.95,2M ZnSO4,Nickel foam,2,1.6,0.05,109.66
5.68,1.49,0,0,0,1640.1,1.41,0.489,0.95,2M ZnSO4,Nickel foam,2,1.6,0.1,93.3
5.68,1.49,0,0,0,1640.1,1.41,0.489,0.95,2M ZnSO4,Nickel foam,2,1.6,0.2,84.6
5.68,1.49,0,0,0,1640.1,1.41,0.489,0.95,2M ZnSO4,Nickel foam,2,1.6,0.3,81
5.68,1.49,0,0,0,1640.1,1.41,0.489,0.95,2M ZnSO4,Nickel foam,2,1.6,0.5,76.3
5.68,1.49,0,0,0,1640.1,1.41,0.489,0.95,2M ZnSO4,Nickel foam,2,1.6,1,71.6
5.68,1.49,0,0,0,1640.1,1.41,0.489,0.95,2M ZnSO4,Nickel foam,2,1.6,2,67.6
5.68,1.49,0,0,0,1640.1,1.41,0.489,0.95,2M ZnSO4,Nickel foam,2,1.6,3,65.1
5.68,1.49,0,0,0,1640.1,1.41,0.489,0.95,2M ZnSO4,Nickel foam,2,1.6,5,62.4
5.68,1.49,0,0,0,1640.1,1.41,0.489,0.95,2M ZnSO4,Nickel foam,2,1.6,10,59.5
5.68,1.49,0,0,0,1640.1,1.41,0.489,0.95,2M ZnSO4,Nickel foam,2,1.6,15,58.4
5.68,1.49,0,0,0,1640.1,1.41,0.489,0.95,2M ZnSO4,Nickel foam,2,1.6,20,57.1
11.5,6.7,0,0,0,642,1.03,0.17,0.964,1M ZnSO4,stainless-steel,2,1.6,0.1,133.7
11.5,6.7,0,0,0,642,1.03,0.17,0.964,1M ZnSO4,stainless-steel,2,1.6,0.2,102.5
11.5,6.7,0,0,0,642,1.03,0.17,0.964,1M ZnSO4,stainless-steel,2,1.6,0.5,84.3
11.5,6.7,0,0,0,642,1.03,0.17,0.964,1M ZnSO4,stainless-steel,2,1.6,1,75
11.5,6.7,0,0,0,642,1.03,0.17,0.964,1M ZnSO4,stainless-steel,2,1.6,2,69.1
11.5,6.7,0,0,0,642,1.03,0.17,0.964,1M ZnSO4,stainless-steel,2,1.6,5,61.7
11.5,6.7,0,0,0,642,1.03,0.17,0.964,1M ZnSO4,stainless-steel,2,1.6,10,56.6
11.5,6.7,0,0,0,642,1.03,0.17,0.964,1M ZnSO4,stainless-steel,2,1.6,20,51.9
11.5,6.7,0,0,0,642,1.03,0.17,0.964,1M ZnSO4,stainless-steel,2,1.6,50,45.6
11.5,6.7,0,0,0,642,1.03,0.17,0.964,1M ZnSO4,stainless-steel,2,1.6,100,39.7
11.5,6.7,0,0,0,642,1.03,0.17,0.964,1M ZnSO4,stainless-steel,2,1.6,200,30.6
14.9,3.1,0,0,0,620,0.86,0.178,0.962,1M ZnSO4,stainless-steel,2,1.6,0.1,104.4
14.9,3.1,0,0,0,620,0.86,0.178,0.962,1M ZnSO4,stainless-steel,2,1.6,0.2,83
14.9,3.1,0,0,0,620,0.86,0.178,0.962,1M ZnSO4,stainless-steel,2,1.6,0.5,69.7
14.9,3.1,0,0,0,620,0.86,0.178,0.962,1M ZnSO4,stainless-steel,2,1.6,1,61.7
14.9,3.1,0,0,0,620,0.86,0.178,0.962,1M ZnSO4,stainless-steel,2,1.6,2,56
14.9,3.1,0,0,0,620,0.86,0.178,0.962,1M ZnSO4,stainless-steel,2,1.6,5,50.4
14.9,3.1,0,0,0,620,0.86,0.178,0.962,1M ZnSO4,stainless-steel,2,1.6,10,46.6
14.9,3.1,0,0,0,620,0.86,0.178,0.962,1M ZnSO4,stainless-steel,2,1.6,20,43.7
14.9,3.1,0,0,0,620,0.86,0.178,0.962,1M ZnSO4,stainless-steel,2,1.6,50,39.1
14.9,3.1,0,0,0,620,0.86,0.178,0.962,1M ZnSO4,stainless-steel,2,1.6,100,35.4
14.9,3.1,0,0,0,620,0.86,0.178,0.962,1M ZnSO4,stainless-steel,2,1.6,200,30.4
11.2,4.2,0,0,0,697,0.83,0.277,0.958,1M ZnSO4,stainless-steel,2,1.6,0.1,92.4
11.2,4.2,0,0,0,697,0.83,0.277,0.958,1M ZnSO4,stainless-steel,2,1.6,0.2,73.1
11.2,4.2,0,0,0,697,0.83,0.277,0.958,1M ZnSO4,stainless-steel,2,1.6,0.5,62.4
11.2,4.2,0,0,0,697,0.83,0.277,0.958,1M ZnSO4,stainless-steel,2,1.6,1,56
11.2,4.2,0,0,0,697,0.83,0.277,0.958,1M ZnSO4,stainless-steel,2,1.6,2,51.3
11.2,4.2,0,0,0,697,0.83,0.277,0.958,1M ZnSO4,stainless-steel,2,1.6,5,45.7
11.2,4.2,0,0,0,697,0.83,0.277,0.958,1M ZnSO4,stainless-steel,2,1.6,10,42.3
11.2,4.2,0,0,0,697,0.83,0.277,0.958,1M ZnSO4,stainless-steel,2,1.6,20,38.9
11.2,4.2,0,0,0,697,0.83,0.277,0.958,1M ZnSO4,stainless-steel,2,1.6,50,33.3
11.2,4.2,0,0,0,697,0.83,0.277,0.958,1M ZnSO4,stainless-steel,2,1.6,100,28.7
11.2,4.2,0,0,0,697,0.83,0.277,0.958,1M ZnSO4,stainless-steel,2,1.6,200,27.2
12.04,8.29,0,0,0,1530.9,0.96,0.627,0.86,1M Zn(CF3SO3)2,freestanding,2.4,1.6,0.1,204.7
12.04,8.29,0,0,0,1530.9,0.96,0.627,0.86,1M Zn(CF3SO3)2,freestanding,2.4,1.6,0.2,181.5
12.04,8.29,0,0,0,1530.9,0.96,0.627,0.86,1M Zn(CF3SO3)2,freestanding,2.4,1.6,0.5,165.9
12.04,8.29,0,0,0,1530.9,0.96,0.627,0.86,1M Zn(CF3SO3)2,freestanding,2.4,1.6,1,152.7
12.04,8.29,0,0,0,1530.9,0.96,0.627,0.86,1M Zn(CF3SO3)2,freestanding,2.4,1.6,2,141.1
12.04,8.29,0,0,0,1530.9,0.96,0.627,0.86,1M Zn(CF3SO3)2,freestanding,2.4,1.6,5,134.2
12.04,8.29,0,0,0,1530.9,0.96,0.627,0.86,1M Zn(CF3SO3)2,freestanding,2.4,1.6,10,128.6
11.54,0,0,0,0,502.711,0.115,,0.999,1M ZnSO4,Carbon cloth,,1.6,0.5,16.66666667
7.08,0,0,0,0,898.168,0.19,,0.9995,1M ZnSO4,Carbon cloth,,1.6,0.5,51.55555556
7.08,0,0,0,0,898.168,0.19,,0.9995,1M ZnSO4,Carbon cloth,,1.6,0.7,45.11111111
7.08,0,0,0,0,898.168,0.19,,0.9995,1M ZnSO4,Carbon cloth,,1.6,1,40.88888889
7.08,0,0,0,0,898.168,0.19,,0.9995,1M ZnSO4,Carbon cloth,,1.6,3,31.66666667
7.08,0,0,0,0,898.168,0.19,,0.9995,1M ZnSO4,Carbon cloth,,1.6,5,26.22222222
5.27,0,0,0,0,584.052,0.098,,0.9998,1M ZnSO4,Carbon cloth,,1.6,0.5,25.33333333
20.61,3.95,0,0,0,544.83,0.26,4.783,0.96,2M ZnSO4,Titanium foil,2,1.8,0.1,134.5
20.61,3.95,0,0,0,544.83,0.26,4.783,0.96,2M ZnSO4,Titanium foil,2,1.8,0.2,110.2
20.61,3.95,0,0,0,544.83,0.26,4.783,0.96,2M ZnSO4,Titanium foil,2,1.8,0.4,93
20.61,3.95,0,0,0,544.83,0.26,4.783,0.96,2M ZnSO4,Titanium foil,2,1.8,0.5,86.7
20.61,3.95,0,0,0,544.83,0.26,4.783,0.96,2M ZnSO4,Titanium foil,2,1.8,1,72.9
20.61,3.95,0,0,0,544.83,0.26,4.783,0.96,2M ZnSO4,Titanium foil,2,1.8,2,57
20.61,3.95,0,0,0,544.83,0.26,4.783,0.96,2M ZnSO4,Titanium foil,2,1.8,3,48
20.61,3.95,0,0,0,544.83,0.26,4.783,0.96,2M ZnSO4,Titanium foil,2,1.8,4,41.5
18.15,3.51,0,0,0,648.22,0.32,4.516,1.01,2M ZnSO4,Titanium foil,2,1.8,0.1,156.54
18.15,3.51,0,0,0,648.22,0.32,4.516,1.01,2M ZnSO4,Titanium foil,2,1.8,0.2,132.3
18.15,3.51,0,0,0,648.22,0.32,4.516,1.01,2M ZnSO4,Titanium foil,2,1.8,0.3,111.55
18.15,3.51,0,0,0,648.22,0.32,4.516,1.01,2M ZnSO4,Titanium foil,2,1.8,0.4,105.4
18.15,3.51,0,0,0,648.22,0.32,4.516,1.01,2M ZnSO4,Titanium foil,2,1.8,0.5,98.5
18.15,3.51,0,0,0,648.22,0.32,4.516,1.01,2M ZnSO4,Titanium foil,2,1.8,1,86.8
18.15,3.51,0,0,0,648.22,0.32,4.516,1.01,2M ZnSO4,Titanium foil,2,1.8,2,70.5
18.15,3.51,0,0,0,648.22,0.32,4.516,1.01,2M ZnSO4,Titanium foil,2,1.8,3,59.2
18.15,3.51,0,0,0,648.22,0.32,4.516,1.01,2M ZnSO4,Titanium foil,2,1.8,4,51.8
15.17,1.8,0,0,0,225.22,0.1,6.714,1.08,2M ZnSO4,Titanium foil,2,1.8,0.1,84.5
15.17,1.8,0,0,0,225.22,0.1,6.714,1.08,2M ZnSO4,Titanium foil,2,1.8,0.2,63.4
15.17,1.8,0,0,0,225.22,0.1,6.714,1.08,2M ZnSO4,Titanium foil,2,1.8,0.4,50.7
15.17,1.8,0,0,0,225.22,0.1,6.714,1.08,2M ZnSO4,Titanium foil,2,1.8,0.5,45
15.17,1.8,0,0,0,225.22,0.1,6.714,1.08,2M ZnSO4,Titanium foil,2,1.8,1,34.5
15.17,1.8,0,0,0,225.22,0.1,6.714,1.08,2M ZnSO4,Titanium foil,2,1.8,2,24.5
15.17,1.8,0,0,0,225.22,0.1,6.714,1.08,2M ZnSO4,Titanium foil,2,1.8,3,19.7
15.17,1.8,0,0,0,225.22,0.1,6.714,1.08,2M ZnSO4,Titanium foil,2,1.8,4,17
11.92,0,0,0,0,2228,1.07,1.488,1.5,1M ZnSO4,stainless-steel,2,1.75,0.2,153
11.92,0,0,0,0,2228,1.07,1.488,1.5,1M ZnSO4,stainless-steel,2,1.75,0.5,125
11.92,0,0,0,0,2228,1.07,1.488,1.5,1M ZnSO4,stainless-steel,2,1.75,1,110
11.92,0,0,0,0,2228,1.07,1.488,1.5,1M ZnSO4,stainless-steel,2,1.75,2,98
11.92,0,0,0,0,2228,1.07,1.488,1.5,1M ZnSO4,stainless-steel,2,1.75,5,84
11.92,0,0,0,0,2228,1.07,1.488,1.5,1M ZnSO4,stainless-steel,2,1.75,10,75
6.96,0,0,0,0,829,0.49,0.581,0.852,1M ZnSO4,stainless-steel,,1.6,0.5,93.3
6.96,0,0,0,0,829,0.49,0.581,0.852,1M ZnSO4,stainless-steel,,1.6,20,53.6
5.5,2.53,0,0,0,947,0.54,1,0.855,1M ZnSO4,stainless-steel,,1.6,0.5,117.9
5.5,2.53,0,0,0,947,0.54,1,0.855,1M ZnSO4,stainless-steel,,1.6,20,71
3.67,0,0,0,2.71,1175,0.71,1.367,0.858,1M ZnSO4,stainless-steel,,1.6,0.5,136.2
3.67,0,0,0,2.71,1175,0.71,1.367,0.858,1M ZnSO4,stainless-steel,,1.6,20,75.9
10.41,2.37,0,0,2.1,899,0.52,0.576,0.856,1M ZnSO4,stainless-steel,,1.6,0.5,165.9
10.41,2.37,0,0,2.1,899,0.52,0.576,0.856,1M ZnSO4,stainless-steel,,1.6,20,110.9
,0,0,0,0,627,0.34,16,1.3,2M ZnSO4,stainless-steel,2,1.8,0.2,142.8
,0,0,0,0,627,0.34,16,1.3,2M ZnSO4,stainless-steel,2,1.8,7,7.9
,0,0,0,0,397,0.23,6.667,1.44,2M ZnSO4,stainless-steel,2,1.8,0.2,112.9
,0,0,0,0,563,0.31,14.5,1.39,2M ZnSO4,stainless-steel,2,1.8,0.2,191.1
,0,0,0,0,1141,0.61,14.25,1.38,2M ZnSO4,stainless-steel,2,1.8,0.2,228.7
,0,0,0,0,1141,0.61,14.25,1.38,2M ZnSO4,stainless-steel,2,1.8,7,82.3
,0,0,0,0,1294,0.71,6.889,1.31,2M ZnSO4,stainless-steel,2,1.8,0.2,120.7
,0,0,0,0,1089,0.6,7.571,1.45,2M ZnSO4,stainless-steel,2,1.8,0.2,164.4
,0,0,0,0,1089,0.6,7.571,1.45,2M ZnSO4,stainless-steel,2,1.8,7,50.8
,,0,0,0,1210,,,1.28,2M ZnSO4,Carbon cloth,5,2,0.1,39.1
,,0,0,0,1210,,,1.28,2M ZnSO4,Carbon cloth,5,2,0.2,31.2
,,0,0,0,1210,,,1.28,2M ZnSO4,Carbon cloth,5,2,0.5,22.7
,,0,0,0,1210,,,1.28,2M ZnSO4,Carbon cloth,5,2,1,16.7
,,0,0,0,1210,,,1.28,2M ZnSO4,Carbon cloth,5,2,2,12.5
,,0,0,0,1210,,,1.28,2M ZnSO4,Carbon cloth,5,2,5,9.5
,,0,0,0,1210,,,1.28,2M ZnSO4,Carbon cloth,5,2,10,8.5
9.01,3.67,0,0,0,1739,,,1.54,2M ZnSO4,Carbon cloth,5,2,0.1,232.4
9.01,3.67,0,0,0,1739,,,1.54,2M ZnSO4,Carbon cloth,5,2,0.2,147.1
9.01,3.67,0,0,0,1739,,,1.54,2M ZnSO4,Carbon cloth,5,2,0.5,128.2
9.01,3.67,0,0,0,1739,,,1.54,2M ZnSO4,Carbon cloth,5,2,1,111.4
9.01,3.67,0,0,0,1739,,,1.54,2M ZnSO4,Carbon cloth,5,2,2,100.7
9.01,3.67,0,0,0,1739,,,1.54,2M ZnSO4,Carbon cloth,5,2,5,80.9
9.01,3.67,0,0,0,1739,,,1.54,2M ZnSO4,Carbon cloth,5,2,10,59.6
9.64,3.44,0,0,0,1624,0.918,1.878,0.999,1M ZnSO4,stainless-steel,2,1.6,0.1,119.9
9.64,3.44,0,0,0,1624,0.918,1.878,0.999,1M ZnSO4,stainless-steel,2,1.6,0.2,108.3
9.64,3.44,0,0,0,1624,0.918,1.878,0.999,1M ZnSO4,stainless-steel,2,1.6,0.5,100.2
9.64,3.44,0,0,0,1624,0.918,1.878,0.999,1M ZnSO4,stainless-steel,2,1.6,1,94.6
9.64,3.44,0,0,0,1624,0.918,1.878,0.999,1M ZnSO4,stainless-steel,2,1.6,2,90.4
9.64,3.44,0,0,0,1624,0.918,1.878,0.999,1M ZnSO4,stainless-steel,2,1.6,5,84.8
9.64,3.44,0,0,0,1624,0.918,1.878,0.999,1M ZnSO4,stainless-steel,2,1.6,20,81.1
8.42,1.64,0,0,0,1949,1.133,0.845,0.917,1M ZnSO4,stainless-steel,2,1.6,0.1,159.9
8.42,1.64,0,0,0,1949,1.133,0.845,0.917,1M ZnSO4,stainless-steel,2,1.6,0.2,139.2
8.42,1.64,0,0,0,1949,1.133,0.845,0.917,1M ZnSO4,stainless-steel,10,1.6,0.5,124.8
8.42,1.64,0,0,0,1949,1.133,0.845,0.917,1M ZnSO4,stainless-steel,10,1.6,1,116
8.42,1.64,0,0,0,1949,1.133,0.845,0.917,1M ZnSO4,stainless-steel,10,1.6,2,109.9
8.42,1.64,0,0,0,1949,1.133,0.845,0.917,1M ZnSO4,stainless-steel,10,1.6,5,101.9
8.42,1.64,0,0,0,1949,1.133,0.845,0.917,1M ZnSO4,stainless-steel,10,1.6,20,94
5.52,0.89,0,0,0,2276,1.331,0.265,0.872,1M ZnSO4,stainless-steel,2,1.6,0.1,114.2
5.52,0.89,0,0,0,2276,1.331,0.265,0.872,1M ZnSO4,stainless-steel,2,1.6,0.2,104.8
5.52,0.89,0,0,0,2276,1.331,0.265,0.872,1M ZnSO4,stainless-steel,2,1.6,0.5,95.6
5.52,0.89,0,0,0,2276,1.331,0.265,0.872,1M ZnSO4,stainless-steel,2,1.6,1,90
5.52,0.89,0,0,0,2276,1.331,0.265,0.872,1M ZnSO4,stainless-steel,2,1.6,2,86.8
5.52,0.89,0,0,0,2276,1.331,0.265,0.872,1M ZnSO4,stainless-steel,2,1.6,5,82.4
5.52,0.89,0,0,0,2276,1.331,0.265,0.872,1M ZnSO4,stainless-steel,2,1.6,20,78.5
7.71,0,0,0,0,500,0.315,1.645,0.97,1M ZnSO4,stainless-steel,1.2,1.6,0.5,48.3
7.71,0,0,0,0,500,0.315,1.645,0.97,1M ZnSO4,stainless-steel,1.2,1.6,1,43.4
7.71,0,0,0,0,500,0.315,1.645,0.97,1M ZnSO4,stainless-steel,1.2,1.6,2,38.9
7.71,0,0,0,0,500,0.315,1.645,0.97,1M ZnSO4,stainless-steel,1.2,1.6,3,36.5
7.71,0,0,0,0,500,0.315,1.645,0.97,1M ZnSO4,stainless-steel,1.2,1.6,4,34.8
7.71,0,0,0,0,500,0.315,1.645,0.97,1M ZnSO4,stainless-steel,1.2,1.6,5,33.2
7.71,0,0,0,0,500,0.315,1.645,0.97,1M ZnSO4,stainless-steel,1.2,1.6,7,30.2
7.71,0,0,0,0,500,0.315,1.645,0.97,1M ZnSO4,stainless-steel,1.2,1.6,10,26.7
7.71,0,0,0,0,500,0.315,1.645,0.97,1M ZnSO4,stainless-steel,1.2,1.6,15,24.7
7.71,0,0,0,0,500,0.315,1.645,0.97,1M ZnSO4,stainless-steel,1.2,1.6,20,21.6
8.06,0,0,0,0,1020,0.721,1.36,1.1,1M ZnSO4,stainless-steel,1.2,1.6,0.5,177.7
8.06,0,0,0,0,1020,0.721,1.36,1.1,1M ZnSO4,stainless-steel,1.2,1.6,1,148.5
8.06,0,0,0,0,1020,0.721,1.36,1.1,1M ZnSO4,stainless-steel,1.2,1.6,2,135.5
8.06,0,0,0,0,1020,0.721,1.36,1.1,1M ZnSO4,stainless-steel,1.2,1.6,3,127.9
8.06,0,0,0,0,1020,0.721,1.36,1.1,1M ZnSO4,stainless-steel,1.2,1.6,4,122.1
8.06,0,0,0,0,1020,0.721,1.36,1.1,1M ZnSO4,stainless-steel,1.2,1.6,5,117
8.06,0,0,0,0,1020,0.721,1.36,1.1,1M ZnSO4,stainless-steel,1.2,1.6,7,107.5
8.06,0,0,0,0,1020,0.721,1.36,1.1,1M ZnSO4,stainless-steel,1.2,1.6,10,102.9
8.06,0,0,0,0,1020,0.721,1.36,1.1,1M ZnSO4,stainless-steel,1.2,1.6,15,91.3
8.06,0,0,0,0,1020,0.721,1.36,1.1,1M ZnSO4,stainless-steel,1.2,1.6,20,85.5
9.3,0,0,0,0,950,0.784,1.143,1.18,1M ZnSO4,stainless-steel,1.2,1.6,0.5,108.2
9.3,0,0,0,0,950,0.784,1.143,1.18,1M ZnSO4,stainless-steel,1.2,1.6,1,96.6
9.3,0,0,0,0,950,0.784,1.143,1.18,1M ZnSO4,stainless-steel,1.2,1.6,2,86.9
9.3,0,0,0,0,950,0.784,1.143,1.18,1M ZnSO4,stainless-steel,1.2,1.6,3,82
9.3,0,0,0,0,950,0.784,1.143,1.18,1M ZnSO4,stainless-steel,1.2,1.6,4,78.7
9.3,0,0,0,0,950,0.784,1.143,1.18,1M ZnSO4,stainless-steel,1.2,1.6,5,75.2
9.3,0,0,0,0,950,0.784,1.143,1.18,1M ZnSO4,stainless-steel,1.2,1.6,7,72
9.3,0,0,0,0,950,0.784,1.143,1.18,1M ZnSO4,stainless-steel,1.2,1.6,10,67.1
9.3,0,0,0,0,950,0.784,1.143,1.18,1M ZnSO4,stainless-steel,1.2,1.6,15,60.5
9.3,0,0,0,0,950,0.784,1.143,1.18,1M ZnSO4,stainless-steel,1.2,1.6,20,57
10.4,3.6,0,0,0,2085,2.44,,1.05,1M Zn(CF3SO3)2,graphite paper,2,1.6,0.25,97
10.4,3.6,0,0,0,2085,2.44,,1.05,1M Zn(CF3SO3)2,graphite paper,2,1.6,20,61.401
5.5,4.4,0,0,0,2526,2.69,,1.07,1M Zn(CF3SO3)2,graphite paper,2,1.6,0.25,124
5.5,4.4,0,0,0,2526,2.69,,1.07,1M Zn(CF3SO3)2,graphite paper,2,1.6,20,81.716
5.5,4.4,0,0,0,2526,2.69,,1.07,1M Zn(CF3SO3)2,graphite paper,15,1.6,0.25,78
4,2.5,0,0,0,2146,2.22,,1.16,1M Zn(CF3SO3)2,graphite paper,2,1.6,0.25,95.4
4,2.5,0,0,0,2146,2.22,,1.16,1M Zn(CF3SO3)2,graphite paper,2,1.6,20,45.8874
5,2.5,0,0,0,1643,1.39,,1.06,1M Zn(CF3SO3)2,graphite paper,2,1.6,0.25,84
5,2.5,0,0,0,1643,1.39,,1.06,1M Zn(CF3SO3)2,graphite paper,2,1.6,20,45.444
6.99,1.59,0,0,0,2465.9,1.29,1.115,0.912,2M ZnSO4,nickel foam,2,1.8,0.05,108.5
6.99,1.59,0,0,0,2465.9,1.29,1.115,0.912,2M ZnSO4,nickel foam,2,1.8,0.1,85.9
6.99,1.59,0,0,0,2465.9,1.29,1.115,0.912,2M ZnSO4,nickel foam,2,1.8,0.2,73.1
6.99,1.59,0,0,0,2465.9,1.29,1.115,0.912,2M ZnSO4,nickel foam,2,1.8,0.3,68.7
6.99,1.59,0,0,0,2465.9,1.29,1.115,0.912,2M ZnSO4,nickel foam,2,1.8,0.5,65
6.99,1.59,0,0,0,2465.9,1.29,1.115,0.912,2M ZnSO4,nickel foam,2,1.8,1,60.8
6.99,1.59,0,0,0,2465.9,1.29,1.115,0.912,2M ZnSO4,nickel foam,2,1.8,2,55.3
6.99,1.59,0,0,0,2465.9,1.29,1.115,0.912,2M ZnSO4,nickel foam,2,1.8,3,52.7
6.99,1.59,0,0,0,2465.9,1.29,1.115,0.912,2M ZnSO4,nickel foam,2,1.8,5,49.2
6.99,1.59,0,0,0,2465.9,1.29,1.115,0.912,2M ZnSO4,nickel foam,2,1.8,10,44.5
6.99,1.59,0,0,0,2465.9,1.29,1.115,0.912,2M ZnSO4,nickel foam,2,1.8,15,41.6
6.99,1.59,0,0,0,2465.9,1.29,1.115,0.912,2M ZnSO4,nickel foam,2,1.8,20,41.6
7.87,1.93,0,4,0,3082,1.42,1.152,1.72,2M ZnSO4,stainless-steel,,1.6,0.2,142.7
7.87,1.93,0,4,0,3082,1.42,1.152,1.72,2M ZnSO4,stainless-steel,,1.6,0.5,125
7.87,1.93,0,4,0,3082,1.42,1.152,1.72,2M ZnSO4,stainless-steel,,1.6,1,109.6
7.87,1.93,0,4,0,3082,1.42,1.152,1.72,2M ZnSO4,stainless-steel,,1.6,2,97.2
7.87,1.93,0,4,0,3082,1.42,1.152,1.72,2M ZnSO4,stainless-steel,,1.6,3,89.9
7.87,1.93,0,4,0,3082,1.42,1.152,1.72,2M ZnSO4,stainless-steel,,1.6,5,82.7
3.9,9.7,0,0,0,844,0.41,3.419,0.99,1M ZnSO4,freestanding,1.25,2,0.1,189.4
3.9,9.7,0,0,0,844,0.41,3.419,0.99,1M ZnSO4,freestanding,1.25,2,0.2,154.5
3.9,9.7,0,0,0,844,0.41,3.419,0.99,1M ZnSO4,freestanding,1.25,2,0.5,131.5
3.9,9.7,0,0,0,844,0.41,3.419,0.99,1M ZnSO4,freestanding,1.25,2,1,130.4
3.9,9.7,0,0,0,844,0.41,3.419,0.99,1M ZnSO4,freestanding,1.25,2,2,117.9
3.9,9.7,0,0,0,844,0.41,3.419,0.99,1M ZnSO4,freestanding,1.25,2,3,112.3
3.9,9.7,0,0,0,844,0.41,3.419,0.99,1M ZnSO4,freestanding,1.25,2,4,107.7
3.9,9.7,0,0,0,844,0.41,3.419,0.99,1M ZnSO4,freestanding,1.25,2,5,104.9
3.9,9.7,0,0,0,844,0.41,3.419,0.99,1M ZnSO4,freestanding,1.25,2,7,102.2
3.9,9.7,0,0,0,844,0.41,3.419,0.99,1M ZnSO4,freestanding,1.25,2,10,100.3
3.88,1.95,0,0,0,689.78,,,0.988,2M ZnSO4,Carbon cloth,2,1.6,0.1,7.822222222
22.24,3.48,0,0,6.11,12.39,,,0.989,2M ZnSO4,Carbon cloth,2,1.6,0.1,64.57777778
38.44,4.13,0,0,10.05,15.15,,,0.997,2M ZnSO4,Carbon cloth,2,1.6,0.1,68.93333333
17.68,5.39,0,0,5.45,9.02,,,0.995,2M ZnSO4,Carbon cloth,2,1.6,0.1,75.11111111
24.28,3.52,0,0,7.53,10.21,,,0.996,2M ZnSO4,Carbon cloth,2,1.6,0.1,80.53333333
26.15,4.08,0,0,7.79,9.33,,,0.999,2M ZnSO4,Carbon cloth,2,1.6,0.1,95.64444444
26.15,4.08,0,0,7.79,9.33,,,0.999,2M ZnSO4,Carbon cloth,2,1.6,10,53.02222222
,,0,0,0,1298.3335,1.073,2.992,0.97,2M ZnSO4,stainless-steel,1.4,1.6,0.1,57
,,0,0,0,1298.3335,1.073,2.992,0.97,2M ZnSO4,stainless-steel,1.4,1.6,1,41
,,0,0,0,1298.3335,1.073,2.992,0.97,2M ZnSO4,stainless-steel,1.4,1.6,5,38.7
,,0,0,0,2071.8328,1.73845,1.323,1,2M ZnSO4,stainless-steel,1.4,1.6,0.1,86
,,0,0,0,2071.8328,1.73845,1.323,1,2M ZnSO4,stainless-steel,1.4,1.6,1,70
,,0,0,0,2071.8328,1.73845,1.323,1,2M ZnSO4,stainless-steel,1.4,1.6,5,58.1
,,0,0,0,2668.1012,2.2883,0.962,1.01,2M ZnSO4,stainless-steel,1.4,1.6,0.1,73.8
,,0,0,0,2668.1012,2.2883,0.962,1.01,2M ZnSO4,stainless-steel,1.4,1.6,1,59.8
,,0,0,0,2668.1012,2.2883,0.962,1.01,2M ZnSO4,stainless-steel,1.4,1.6,5,46
4.81,1.09,0,0,0,972.4,1.67,0.21,0.82,2M ZnSO4,stainless-steel,2.5,1.6,0.2,104.9
4.81,1.09,0,0,0,972.4,1.67,0.21,0.82,2M ZnSO4,stainless-steel,2.5,1.6,0.5,91
4.81,1.09,0,0,0,972.4,1.67,0.21,0.82,2M ZnSO4,stainless-steel,2.5,1.6,1,84.9
4.81,1.09,0,0,0,972.4,1.67,0.21,0.82,2M ZnSO4,stainless-steel,2.5,1.6,2,78.2
4.81,1.09,0,0,0,972.4,1.67,0.21,0.82,2M ZnSO4,stainless-steel,2.5,1.6,3,74.2
4.81,1.09,0,0,0,972.4,1.67,0.21,0.82,2M ZnSO4,stainless-steel,2.5,1.6,4,70.8
4.81,1.09,0,0,0,972.4,1.67,0.21,0.82,2M ZnSO4,stainless-steel,2.5,1.6,5,68.5
4.81,1.09,0,0,0,972.4,1.67,0.21,0.82,2M ZnSO4,stainless-steel,2.5,1.6,10,60.3
4.81,1.09,0,0,0,972.4,1.67,0.21,0.82,2M ZnSO4,stainless-steel,2.5,1.6,15,56.5
4.81,1.09,0,0,0,972.4,1.67,0.21,0.82,2M ZnSO4,stainless-steel,2.5,1.6,20,52.1
4.81,1.09,0,0,0,972.4,1.67,0.21,0.82,2M ZnSO4,stainless-steel,2.5,1.6,30,44.8
4.89,1.74,0,0,0,1666.8,2.42,0.136,0.88,2M ZnSO4,stainless-steel,2.5,1.6,0.2,132.9
4.89,1.74,0,0,0,1666.8,2.42,0.136,0.88,2M ZnSO4,stainless-steel,2.5,1.6,0.5,114.4
4.89,1.74,0,0,0,1666.8,2.42,0.136,0.88,2M ZnSO4,stainless-steel,2.5,1.6,1,108.9
4.89,1.74,0,0,0,1666.8,2.42,0.136,0.88,2M ZnSO4,stainless-steel,2.5,1.6,2,99.4
4.89,1.74,0,0,0,1666.8,2.42,0.136,0.88,2M ZnSO4,stainless-steel,2.5,1.6,3,95.6
4.89,1.74,0,0,0,1666.8,2.42,0.136,0.88,2M ZnSO4,stainless-steel,2.5,1.6,4,91.1
4.89,1.74,0,0,0,1666.8,2.42,0.136,0.88,2M ZnSO4,stainless-steel,2.5,1.6,5,89.9
4.89,1.74,0,0,0,1666.8,2.42,0.136,0.88,2M ZnSO4,stainless-steel,2.5,1.6,10,83.3
4.89,1.74,0,0,0,1666.8,2.42,0.136,0.88,2M ZnSO4,stainless-steel,2.5,1.6,15,80.8
4.89,1.74,0,0,0,1666.8,2.42,0.136,0.88,2M ZnSO4,stainless-steel,2.5,1.6,20,76.6
4.89,1.74,0,0,0,1666.8,2.42,0.136,0.88,2M ZnSO4,stainless-steel,2.5,1.6,30,73.3
4.89,1.74,0,0,0,1666.8,2.42,0.136,0.88,2M ZnSO4,stainless-steel,2.5,1.6,40,68.8
4.89,1.74,0,0,0,1666.8,2.42,0.136,0.88,2M ZnSO4,stainless-steel,2.5,1.6,50,65.2
6.42,2.75,0,0,0,1301.6,3.04,0.074,0.92,2M ZnSO4,stainless-steel,2.5,1.6,0.2,67.8
6.42,2.75,0,0,0,1301.6,3.04,0.074,0.92,2M ZnSO4,stainless-steel,2.5,1.6,0.5,59.8
6.42,2.75,0,0,0,1301.6,3.04,0.074,0.92,2M ZnSO4,stainless-steel,2.5,1.6,1,56.8
6.42,2.75,0,0,0,1301.6,3.04,0.074,0.92,2M ZnSO4,stainless-steel,2.5,1.6,2,53.2
6.42,2.75,0,0,0,1301.6,3.04,0.074,0.92,2M ZnSO4,stainless-steel,2.5,1.6,3,51.7
6.42,2.75,0,0,0,1301.6,3.04,0.074,0.92,2M ZnSO4,stainless-steel,2.5,1.6,4,49.9
6.42,2.75,0,0,0,1301.6,3.04,0.074,0.92,2M ZnSO4,stainless-steel,2.5,1.6,5,49.2
6.42,2.75,0,0,0,1301.6,3.04,0.074,0.92,2M ZnSO4,stainless-steel,2.5,1.6,10,45.5
6.42,2.75,0,0,0,1301.6,3.04,0.074,0.92,2M ZnSO4,stainless-steel,2.5,1.6,15,43.7
6.42,2.75,0,0,0,1301.6,3.04,0.074,0.92,2M ZnSO4,stainless-steel,2.5,1.6,20,41.1
6.42,2.75,0,0,0,1301.6,3.04,0.074,0.92,2M ZnSO4,stainless-steel,2.5,1.6,30,37.4
,,0,0,0,510,0.679,0.134,1.06,2M ZnSO4,stainless-steel,1,1.6,0.2,119.4
,,0,0,0,510,0.679,0.134,1.06,2M ZnSO4,stainless-steel,1,1.6,0.5,113.1
,,0,0,0,510,0.679,0.134,1.06,2M ZnSO4,stainless-steel,1,1.6,1,108.4
,,0,0,0,510,0.679,0.134,1.06,2M ZnSO4,stainless-steel,1,1.6,2,103.4
,,0,0,0,510,0.679,0.134,1.06,2M ZnSO4,stainless-steel,1,1.6,5,97.8
,,0,0,0,510,0.679,0.134,1.06,2M ZnSO4,stainless-steel,1,1.6,10,95.5
,,0,0,0,510,0.679,0.134,1.06,2M ZnSO4,stainless-steel,1,1.6,20,87.9
,,0,0,0,905,0.47,2.35,1.19,2M ZnSO4,stainless-steel,1,1.6,0.2,49.8
,,0,0,0,905,0.47,2.35,1.19,2M ZnSO4,stainless-steel,1,1.6,0.5,142
,,0,0,0,905,0.47,2.35,1.19,2M ZnSO4,stainless-steel,1,1.6,1,135.5
,,0,0,0,905,0.47,2.35,1.19,2M ZnSO4,stainless-steel,1,1.6,2,129.8
,,0,0,0,905,0.47,2.35,1.19,2M ZnSO4,stainless-steel,1,1.6,5,122.8
,,0,0,0,905,0.47,2.35,1.19,2M ZnSO4,stainless-steel,1,1.6,10,119.9
,,0,0,0,905,0.47,2.35,1.19,2M ZnSO4,stainless-steel,1,1.6,20,110.3
1.91,0.72,0,0,0,1248,0.689,,1.17,2M ZnSO4,stainless-steel,6,1.6,0.1,111
1.91,0.72,0,0,0,1248,0.689,,1.17,2M ZnSO4,stainless-steel,6,1.6,0.2,94.1
1.91,0.72,0,0,0,1248,0.689,,1.17,2M ZnSO4,stainless-steel,6,1.6,0.3,88.2
1.91,0.72,0,0,0,1248,0.689,,1.17,2M ZnSO4,stainless-steel,6,1.6,0.5,82.3
1.91,0.72,0,0,0,1248,0.689,,1.17,2M ZnSO4,stainless-steel,6,1.6,1,76.5
1.91,0.72,0,0,0,1248,0.689,,1.17,2M ZnSO4,stainless-steel,6,1.6,2,69.5
1.91,0.72,0,0,0,1248,0.689,,1.17,2M ZnSO4,stainless-steel,6,1.6,3,63.9
11.57,0,0,0,0,2085.1,1.72,0.194,0.86,2M ZnSO4,freestanding,2,1.6,0.05,181.67
11.57,0,0,0,0,2085.1,1.72,0.194,0.86,2M ZnSO4,freestanding,2,1.6,0.1,132.7
11.57,0,0,0,0,2085.1,1.72,0.194,0.86,2M ZnSO4,freestanding,2,1.6,0.2,116.9
11.57,0,0,0,0,2085.1,1.72,0.194,0.86,2M ZnSO4,freestanding,2,1.6,0.3,106.1
11.57,0,0,0,0,2085.1,1.72,0.194,0.86,2M ZnSO4,freestanding,2,1.6,0.5,98.3
11.57,0,0,0,0,2085.1,1.72,0.194,0.86,2M ZnSO4,freestanding,2,1.6,1,91.1
11.57,0,0,0,0,2085.1,1.72,0.194,0.86,2M ZnSO4,freestanding,2,1.6,2,84.9
11.57,0,0,0,0,2085.1,1.72,0.194,0.86,2M ZnSO4,freestanding,2,1.6,3,81.9
11.57,0,0,0,0,2085.1,1.72,0.194,0.86,2M ZnSO4,freestanding,2,1.6,5,78.2
11.57,0,0,0,0,2085.1,1.72,0.194,0.86,2M ZnSO4,freestanding,2,1.6,10,73.5
11.57,0,0,0,0,2085.1,1.72,0.194,0.86,2M ZnSO4,freestanding,2,1.6,15,68.9
11.57,0,0,0,0,2085.1,1.72,0.194,0.86,2M ZnSO4,freestanding,2,1.6,20,66.71
4.93,1.02,0,0,0,285.4,,,1.016,1M ZnSO4,freestanding,1.25,1.6,0.1,40
10.77,1.02,0,0,0,353.5,,,1.042,1M ZnSO4,freestanding,1.25,1.6,0.1,43
3.62,3.4,0,0,0,543.5,,,1.109,1M ZnSO4,freestanding,1.25,1.6,0.1,105
13.75,3.71,0,0,0,570.4,,,1.162,1M ZnSO4,freestanding,1.25,1.6,0.1,136
13.75,3.71,0,0,0,570.4,,,1.162,1M ZnSO4,freestanding,1.25,1.6,0.5,101
13.75,3.71,0,0,0,570.4,,,1.162,1M ZnSO4,freestanding,1.25,1.6,1,93
13.75,3.71,0,0,0,570.4,,,1.162,1M ZnSO4,freestanding,1.25,1.6,10,76
13.75,3.71,0,0,0,570.4,,,1.162,1M ZnSO4,freestanding,1.25,1.6,20,68
13.75,3.71,0,0,0,570.4,,,1.162,1M ZnSO4,freestanding,1.25,1.6,30,63
13.75,3.71,0,0,0,570.4,,,1.162,1M ZnSO4,freestanding,1.25,1.6,40,60
13.75,3.71,0,0,0,570.4,,,1.162,1M ZnSO4,freestanding,1.25,1.6,50,57
4.77,0,0,0,0,1644,0.96,1.33,1.06,1M ZnSO4,freestanding,1.945,1.6,0.1,52.9
4.77,0,0,0,0,1644,0.96,1.33,1.06,1M ZnSO4,freestanding,1.945,1.6,0.2,48.7
4.77,0,0,0,0,1644,0.96,1.33,1.06,1M ZnSO4,freestanding,1.945,1.6,0.5,43.8
4.77,0,0,0,0,1644,0.96,1.33,1.06,1M ZnSO4,freestanding,1.945,1.6,1,40
4.77,0,0,0,0,1644,0.96,1.33,1.06,1M ZnSO4,freestanding,1.945,1.6,2,36.5
4.77,0,0,0,0,1644,0.96,1.33,1.06,1M ZnSO4,freestanding,1.945,1.6,5,31.4
4.77,0,0,0,0,1644,0.96,1.33,1.06,1M ZnSO4,freestanding,1.945,1.6,10,26.9
4.77,0,0,0,0,1644,0.96,1.33,1.06,1M ZnSO4,freestanding,1.945,1.6,20,21.4
4.43,2.62,0,0,2.14,2038,1.29,0.497,1.12,1M ZnSO4,freestanding,1.945,1.6,0.1,103.2
4.43,2.62,0,0,2.14,2038,1.29,0.497,1.12,1M ZnSO4,freestanding,1.945,1.6,0.2,93.7
4.43,2.62,0,0,2.14,2038,1.29,0.497,1.12,1M ZnSO4,freestanding,1.945,1.6,0.5,85.3
4.43,2.62,0,0,2.14,2038,1.29,0.497,1.12,1M ZnSO4,freestanding,1.945,1.6,1,80.3
4.43,2.62,0,0,2.14,2038,1.29,0.497,1.12,1M ZnSO4,freestanding,1.945,1.6,2,74.7
4.43,2.62,0,0,2.14,2038,1.29,0.497,1.12,1M ZnSO4,freestanding,1.945,1.6,5,68.2
4.43,2.62,0,0,2.14,2038,1.29,0.497,1.12,1M ZnSO4,freestanding,1.945,1.6,10,61
4.43,2.62,0,0,2.14,2038,1.29,0.497,1.12,1M ZnSO4,freestanding,1.945,1.6,20,52.8
7.86,0,0,0,0,57.611,0.2175,0,0.97,2M ZnSO4,Titanium foil,1.35,1.6,0.1,1.3
7.94,0,0,0,0,761.62,0.9097,1.224,0.98,2M ZnSO4,Titanium foil,1.35,1.6,0.1,42.8
3,0,2.19,0,0,614.34,0.9263,0.947,1.01,2M ZnSO4,Titanium foil,1.35,1.6,0.1,83.2
10.72,2.83,0,0.63,0,909,0.44,13.667,0.93,2M ZnSO4 + 0.5M ZnCl2,carbon paper,1.35,1.7,0.1,179.1
10.72,2.83,0,0.63,0,909,0.44,13.667,0.93,2M ZnSO4 + 0.5M ZnCl2,carbon paper,1.35,1.7,0.5,102.9
10.72,2.83,0,0.63,0,909,0.44,13.667,0.93,2M ZnSO4 + 0.5M ZnCl2,carbon paper,1.35,1.7,1,85.8
10.72,2.83,0,0.63,0,909,0.44,13.667,0.93,2M ZnSO4 + 0.5M ZnCl2,carbon paper,1.35,1.7,2,71.5
10.72,2.83,0,0.63,0,909,0.44,13.667,0.93,2M ZnSO4 + 0.5M ZnCl2,carbon paper,1.35,1.7,3,63
10.72,2.83,0,0.63,0,909,0.44,13.667,0.93,2M ZnSO4 + 0.5M ZnCl2,carbon paper,1.35,1.7,4,56.6
10.72,2.83,0,0.63,0,909,0.44,13.667,0.93,2M ZnSO4 + 0.5M ZnCl2,carbon paper,1.35,1.7,5,51.3
10.72,2.83,0,0.63,0,909,0.44,13.667,0.93,1M ZnSO4,carbon paper,1.35,1.7,0.1,98.4
10.72,2.83,0,0.63,0,909,0.44,13.667,0.93,1M ZnSO4,carbon paper,1.35,1.7,0.5,64.3
10.72,2.83,0,0.63,0,909,0.44,13.667,0.93,1M ZnSO4,carbon paper,1.35,1.7,1,54.3
10.72,2.83,0,0.63,0,909,0.44,13.667,0.93,1M ZnSO4,carbon paper,1.35,1.7,2,45.1
10.72,2.83,0,0.63,0,909,0.44,13.667,0.93,1M ZnSO4,carbon paper,1.35,1.7,3,40.3
10.72,2.83,0,0.63,0,909,0.44,13.667,0.93,1M ZnSO4,carbon paper,1.35,1.7,4,36.7
10.72,2.83,0,0.63,0,909,0.44,13.667,0.93,1M ZnSO4,carbon paper,1.35,1.7,5,33.7
10.72,2.83,0,0.63,0,909,0.44,13.667,0.93,2M ZnSO4,carbon paper,1.35,1.7,0.1,161.7
10.72,2.83,0,0.63,0,909,0.44,13.667,0.93,2M ZnSO4,carbon paper,1.35,1.7,0.5,75.6
10.72,2.83,0,0.63,0,909,0.44,13.667,0.93,2M ZnSO4,carbon paper,1.35,1.7,1,60.2
10.72,2.83,0,0.63,0,909,0.44,13.667,0.93,2M ZnSO4,carbon paper,1.35,1.7,2,49.2
10.72,2.83,0,0.63,0,909,0.44,13.667,0.93,2M ZnSO4,carbon paper,1.35,1.7,3,43.3
10.72,2.83,0,0.63,0,909,0.44,13.667,0.93,2M ZnSO4,carbon paper,1.35,1.7,4,39.7
10.72,2.83,0,0.63,0,909,0.44,13.667,0.93,2M ZnSO4,carbon paper,1.35,1.7,5,36.5
10.72,2.83,0,0.63,0,909,0.44,13.667,0.93,3M ZnSO4,carbon paper,1.35,1.7,0.1,104
10.72,2.83,0,0.63,0,909,0.44,13.667,0.93,3M ZnSO4,carbon paper,1.35,1.7,0.5,62.4
10.72,2.83,0,0.63,0,909,0.44,13.667,0.93,3M ZnSO4,carbon paper,1.35,1.7,1,51.3
10.72,2.83,0,0.63,0,909,0.44,13.667,0.93,3M ZnSO4,carbon paper,1.35,1.7,2,43.1
10.72,2.83,0,0.63,0,909,0.44,13.667,0.93,3M ZnSO4,carbon paper,1.35,1.7,3,38.1
10.72,2.83,0,0.63,0,909,0.44,13.667,0.93,3M ZnSO4,carbon paper,1.35,1.7,4,34.6
10.72,2.83,0,0.63,0,909,0.44,13.667,0.93,3M ZnSO4,carbon paper,1.35,1.7,5,32.1
4.03,5.85,0,0,0,1745,1.48,0.437,,2M ZnSO4,graphite paper,1,1.6,0.1,150.1
10.77,0.15,0,0,0,3823,3.01,0.513,,2M ZnSO4,graphite paper,1,1.6,0.1,257.3
10.77,0.15,0,0,0,3823,3.01,0.513,,2M ZnSO4,graphite paper,1,1.6,0.2,245
10.77,0.15,0,0,0,3823,3.01,0.513,,2M ZnSO4,graphite paper,1,1.6,20,68
4.26,3.29,0,0,0,726,0.44,0.317,0.85,3M Zn(CF3SO3)2,stainless-steel,2,1.8,0.5,132.1
4.26,3.29,0,0,0,726,0.44,0.317,0.85,3M Zn(CF3SO3)2,stainless-steel,2,1.8,2,109.7
4.26,3.29,0,0,0,726,0.44,0.317,0.85,3M Zn(CF3SO3)2,stainless-steel,2,1.8,5,96.5
4.26,3.29,0,0,0,726,0.44,0.317,0.85,3M Zn(CF3SO3)2,stainless-steel,2,1.8,10,88.8
4.26,3.29,0,0,0,726,0.44,0.317,0.85,3M Zn(CF3SO3)2,stainless-steel,2,1.8,20,77.6
4.26,3.29,0,0,0,726,0.44,0.317,0.85,3M Zn(CF3SO3)2,stainless-steel,2,1.8,50,56.1
4.95,4.52,0,0,0,1466,1.07,0.258,0.85,3M Zn(CF3SO3)2,stainless-steel,2,1.8,0.5,199
4.95,4.52,0,0,0,1466,1.07,0.258,0.85,3M Zn(CF3SO3)2,stainless-steel,2,1.8,1,190.1
4.95,4.52,0,0,0,1466,1.07,0.258,0.85,3M Zn(CF3SO3)2,stainless-steel,2,1.8,2,160.7
4.95,4.52,0,0,0,1466,1.07,0.258,0.85,3M Zn(CF3SO3)2,stainless-steel,2,1.8,5,142.3
4.95,4.52,0,0,0,1466,1.07,0.258,0.85,3M Zn(CF3SO3)2,stainless-steel,2,1.8,10,131.4
4.95,4.52,0,0,0,1466,1.07,0.258,0.85,3M Zn(CF3SO3)2,stainless-steel,2,1.8,20,103.9
4.95,4.52,0,0,0,1466,1.07,0.258,0.85,3M Zn(CF3SO3)2,stainless-steel,2,1.8,50,91
5.15,4.72,0,0,0,1780,2.16,0.495,0.84,3M Zn(CF3SO3)2,stainless-steel,2,1.8,0.5,240
5.15,4.72,0,0,0,1780,2.16,0.495,0.84,3M Zn(CF3SO3)2,stainless-steel,2,1.8,1,231.2
5.15,4.72,0,0,0,1780,2.16,0.495,0.84,3M Zn(CF3SO3)2,stainless-steel,2,1.8,2,216.1
5.15,4.72,0,0,0,1780,2.16,0.495,0.84,3M Zn(CF3SO3)2,stainless-steel,2,1.8,5,210
5.15,4.72,0,0,0,1780,2.16,0.495,0.84,3M Zn(CF3SO3)2,stainless-steel,2,1.8,10,194.3
5.15,4.72,0,0,0,1780,2.16,0.495,0.84,3M Zn(CF3SO3)2,stainless-steel,2,1.8,20,173.1
5.15,4.72,0,0,0,1780,2.16,0.495,0.84,3M Zn(CF3SO3)2,stainless-steel,2,1.8,50,161
5.15,4.72,0,0,0,1780,2.16,0.495,0.84,3M Zn(CF3SO3)2,stainless-steel,2,1.8,100,108
5.15,4.72,0,0,0,1780,2.16,0.495,0.84,3M Zn(CF3SO3)2,stainless-steel,5,1.8,0.5,230
5.15,4.72,0,0,0,1780,2.16,0.495,0.84,3M Zn(CF3SO3)2,stainless-steel,10,1.8,0.5,211
5.15,4.72,0,0,0,1780,2.16,0.495,0.84,3M Zn(CF3SO3)2,stainless-steel,20,1.8,0.5,187
5.15,4.72,0,0,0,1780,2.16,0.495,0.84,3M Zn(CF3SO3)2,stainless-steel,30,1.8,0.5,130
9.2,0,0,0,0,3019,,,1,1M Zn(CF3SO3)2,freestanding,1.4,1.6,0.25,206.7
9.2,0,0,0,0,3019,,,1,1M Zn(CF3SO3)2,freestanding,1.4,1.6,0.5,174.9
9.2,0,0,0,0,3019,,,1,1M Zn(CF3SO3)2,freestanding,1.4,1.6,1,156
9.2,0,0,0,0,3019,,,1,1M Zn(CF3SO3)2,freestanding,1.4,1.6,2,140.8
9.2,0,0,0,0,3019,,,1,1M Zn(CF3SO3)2,freestanding,1.4,1.6,5,119.9
9.2,0,0,0,0,3019,,,1,1M Zn(CF3SO3)2,freestanding,1.4,1.6,10,103.3
9.2,0,0,0,0,3019,,,1,1M Zn(CF3SO3)2,freestanding,1.4,1.6,15,93.4
9.2,0,0,0,0,3019,,,1,1M Zn(CF3SO3)2,freestanding,1.4,1.6,20,86
9.2,0,0,0,0,3019,,,1,1M Zn(CF3SO3)2,freestanding,1.4,1.6,50,71.9
9.2,0,0,0,0,3019,,,1,1M Zn(CF3SO3)2,freestanding,10.6,1.6,0.25,154.1
9.2,0,0,0,0,3019,,,1,1M Zn(CF3SO3)2,freestanding,10.6,1.6,1,97
8.91,0,0,0,0,2522.1,,,0.99,1M Zn(CF3SO3)2,freestanding,1.4,1.6,0.25,167.9
8.91,0,0,0,0,2522.1,,,0.99,1M Zn(CF3SO3)2,freestanding,1.4,1.6,20,51.5
8.4,0,0,0,0,433.8,,,0.97,1M Zn(CF3SO3)2,freestanding,1.4,1.6,0.25,75
8.4,0,0,0,0,433.8,,,0.97,1M Zn(CF3SO3)2,freestanding,1.4,1.6,20,8.9
9.1,3.1,0,0,0,1055,0.95,0.583,1.06,2M ZnSO4,stainless-steel,1,1.7,0.1,230
9.1,3.1,0,0,0,1055,0.95,0.583,1.06,2M ZnSO4,stainless-steel,1,1.7,0.2,165
9.1,3.1,0,0,0,1055,0.95,0.583,1.06,2M ZnSO4,stainless-steel,1,1.7,0.5,150
9.1,3.1,0,0,0,1055,0.95,0.583,1.06,2M ZnSO4,stainless-steel,1,1.7,1,137
9.1,3.1,0,0,0,1055,0.95,0.583,1.06,2M ZnSO4,stainless-steel,1,1.7,2,127
9.1,3.1,0,0,0,1055,0.95,0.583,1.06,2M ZnSO4,stainless-steel,1,1.7,5,122
9.1,3.1,0,0,0,1055,0.95,0.583,1.06,2M ZnSO4,stainless-steel,1,1.7,10,118
11.79,1.98,0,0.24,0,1613.9,0.93,11.4,0.98,1M Zn(CF3SO3)2,stainless-steel,10,1.8,1,233
11.79,1.98,0,0.24,0,1613.9,0.93,11.4,0.98,1M Zn(CF3SO3)2,stainless-steel,10,1.8,2,212
11.79,1.98,0,0.24,0,1613.9,0.93,11.4,0.98,1M Zn(CF3SO3)2,stainless-steel,10,1.8,5,180.5
11.79,1.98,0,0.24,0,1613.9,0.93,11.4,0.98,1M Zn(CF3SO3)2,stainless-steel,10,1.8,10,152.5
11.79,1.98,0,0.24,0,1613.9,0.93,11.4,0.98,1M Zn(CF3SO3)2,stainless-steel,10,1.8,20,124
11.79,1.98,0,0.24,0,1613.9,0.93,11.4,0.98,1M Zn(CF3SO3)2,stainless-steel,10,1.8,50,83
6.9,8.1,3,0,0,597,0.46,,1.13,1M ZnSO4,graphite paper,2,1.6,0.5,127.7
6.9,8.1,3,0,0,597,0.46,,1.13,1M ZnSO4,graphite paper,2,1.6,20,42.8
6.1,7.2,0,0,0,1843,1.1,0.447,1.01,2M ZnSO4,stainless-steel,1,1.6,0.5,181
6.1,7.2,0,0,0,1843,1.1,0.447,1.01,2M ZnSO4,stainless-steel,1,1.6,1,153.3
6.1,7.2,0,0,0,1843,1.1,0.447,1.01,2M ZnSO4,stainless-steel,1,1.6,2,137.2
6.1,7.2,0,0,0,1843,1.1,0.447,1.01,2M ZnSO4,stainless-steel,1,1.6,3,130.2
6.1,7.2,0,0,0,1843,1.1,0.447,1.01,2M ZnSO4,stainless-steel,1,1.6,5,121.7
6.1,7.2,0,0,0,1843,1.1,0.447,1.01,2M ZnSO4,stainless-steel,1,1.6,10,110.4
6.1,7.2,0,0,0,1843,1.1,0.447,1.01,2M ZnSO4,stainless-steel,1,1.6,15,104
4.2,6.3,0,0,0,543,0.9,0.125,0.99,2M ZnSO4,stainless-steel,1,1.6,0.5,110
4.2,6.3,0,0,0,543,0.9,0.125,0.99,2M ZnSO4,stainless-steel,1,1.6,1,97.8
4.2,6.3,0,0,0,543,0.9,0.125,0.99,2M ZnSO4,stainless-steel,1,1.6,2,89.8
4.2,6.3,0,0,0,543,0.9,0.125,0.99,2M ZnSO4,stainless-steel,1,1.6,3,84.9
4.2,6.3,0,0,0,543,0.9,0.125,0.99,2M ZnSO4,stainless-steel,1,1.6,5,78.4
4.2,6.3,0,0,0,543,0.9,0.125,0.99,2M ZnSO4,stainless-steel,1,1.6,10,67.2
4.2,6.3,0,0,0,543,0.9,0.125,0.99,2M ZnSO4,stainless-steel,1,1.6,15,58.2
10.8,5.7,0,0,0,1454,0.83,0.122,1.05,2M ZnSO4,stainless-steel,1,1.6,0.5,98
10.8,5.7,0,0,0,1454,0.83,0.122,1.05,2M ZnSO4,stainless-steel,1,1.6,1,81.7
10.8,5.7,0,0,0,1454,0.83,0.122,1.05,2M ZnSO4,stainless-steel,1,1.6,2,72.2
10.8,5.7,0,0,0,1454,0.83,0.122,1.05,2M ZnSO4,stainless-steel,1,1.6,3,67
10.8,5.7,0,0,0,1454,0.83,0.122,1.05,2M ZnSO4,stainless-steel,1,1.6,5,60.7
10.8,5.7,0,0,0,1454,0.83,0.122,1.05,2M ZnSO4,stainless-steel,1,1.6,10,50.9
10.8,5.7,0,0,0,1454,0.83,0.122,1.05,2M ZnSO4,stainless-steel,1,1.6,15,45.1
20.56,9.77,0,0,0,361.28,0.276,,0.853,1.5M Zn(CF3SO3)2,stainless-steel,2,1.8,0.1,145.5
20.56,9.77,0,0,0,361.28,0.276,,0.853,1.5M Zn(CF3SO3)2,stainless-steel,2,1.8,0.5,79
20.56,9.77,0,0,0,361.28,0.276,,0.853,1.5M Zn(CF3SO3)2,stainless-steel,2,1.8,1,69.5
20.56,9.77,0,0,0,361.28,0.276,,0.853,1.5M Zn(CF3SO3)2,stainless-steel,2,1.8,2.5,55.75
20.56,9.77,0,0,0,361.28,0.276,,0.853,1.5M Zn(CF3SO3)2,stainless-steel,2,1.8,5,50.15
20.56,9.77,0,0,0,361.28,0.276,,0.853,1.5M Zn(CF3SO3)2,stainless-steel,2,1.8,10,47.4
11.18,2.79,0,0.77,0,599.3,0.276,2.366,0.81,1M ZnSO4,stainless-steel,,1.6,0.1,79.4
11.18,2.79,0,0.77,0,599.3,0.276,2.366,0.81,1M ZnSO4,stainless-steel,,1.6,0.2,70.3
11.18,2.79,0,0.77,0,599.3,0.276,2.366,0.81,1M ZnSO4,stainless-steel,,1.6,0.5,59.8
11.18,2.79,0,0.77,0,599.3,0.276,2.366,0.81,1M ZnSO4,stainless-steel,,1.6,1,50.8
11.18,2.79,0,0.77,0,599.3,0.276,2.366,0.81,1M ZnSO4,stainless-steel,,1.6,2,41.6
11.18,2.79,0,0.77,0,599.3,0.276,2.366,0.81,1M ZnSO4,stainless-steel,,1.6,5,28.8
11.18,2.79,0,0.77,0,599.3,0.276,2.366,0.81,1M ZnSO4,stainless-steel,,1.6,10,22.9
8.39,9.34,0,0,0,245.3,,0.543,0.93,2M ZnSO4,freestanding,2.75,1.6,0.1,175.3
8.39,9.34,0,0,0,245.3,,0.543,0.93,2M ZnSO4,freestanding,2.75,1.6,50,93.1
5.46,6.97,0,0,0,279.4,,1.188,0.88,2M ZnSO4,freestanding,2.75,1.6,0.1,140.5
5.46,6.97,0,0,0,279.4,,1.188,0.88,2M ZnSO4,freestanding,2.75,1.6,50,41.7
4.68,5.02,0,0,0,166.6,,0.408,0.83,2M ZnSO4,freestanding,2.75,1.6,0.1,117.4
4.68,5.02,0,0,0,166.6,,0.408,0.83,2M ZnSO4,freestanding,2.75,1.6,50,58.3
3.66,0,0,0,0,782.95,,,1.12,2M ZnSO4 + 0.1M MgSO4,Titanium mesh,1,2,0.2,97.8
3.66,0,0,0,0,782.95,,,1.12,2M ZnSO4 + 0.1M MgSO4,Titanium mesh,1,2,0.4,79.8
3.66,0,0,0,0,782.95,,,1.12,2M ZnSO4 + 0.1M MgSO4,Titanium mesh,1,2,0.5,74.6
3.66,0,0,0,0,782.95,,,1.12,2M ZnSO4 + 0.1M MgSO4,Titanium mesh,1,2,0.8,64.1
3.66,0,0,0,0,782.95,,,1.12,2M ZnSO4 + 0.1M MgSO4,Titanium mesh,1,2,1,59.7
3.66,0,0,0,0,782.95,,,1.12,2M ZnSO4 + 0.1M MgSO4,Titanium mesh,1,2,2,46
3.66,0,0,0,0,782.95,,,1.12,2M ZnSO4 + 0.1M MgSO4,Titanium mesh,1,2,4,30.9
3.66,0,0,0,0,782.95,,,1.12,2M ZnSO4 + 0.1M MgSO4,Titanium mesh,1,2,5,27.5
3.66,0,0,0,0,782.95,,,1.12,2M ZnSO4 + 0.1M MgSO4,Titanium mesh,1,2,6,25
3.66,0,0,0,0,782.95,,,1.12,2M ZnSO4 + 0.1M MgSO4,Titanium mesh,1,2,8,19.9
3.66,0,0,0,0,782.95,,,1.12,2M ZnSO4 + 0.1M MgSO4,Titanium mesh,1,2,10,16.5
3.61,0,0,1.26,0,818.17,,,1.15,2M ZnSO4 + 0.1M MgSO4,Titanium mesh,1,2,0.2,107.3
3.61,0,0,1.26,0,818.17,,,1.15,2M ZnSO4 + 0.1M MgSO4,Titanium mesh,1,2,0.4,87.4
3.61,0,0,1.26,0,818.17,,,1.15,2M ZnSO4 + 0.1M MgSO4,Titanium mesh,1,2,0.5,81.4
3.61,0,0,1.26,0,818.17,,,1.15,2M ZnSO4 + 0.1M MgSO4,Titanium mesh,1,2,0.8,70
3.61,0,0,1.26,0,818.17,,,1.15,2M ZnSO4 + 0.1M MgSO4,Titanium mesh,1,2,1,64.7
3.61,0,0,1.26,0,818.17,,,1.15,2M ZnSO4 + 0.1M MgSO4,Titanium mesh,1,2,2,49.7
3.61,0,0,1.26,0,818.17,,,1.15,2M ZnSO4 + 0.1M MgSO4,Titanium mesh,1,2,4,34.4
3.61,0,0,1.26,0,818.17,,,1.15,2M ZnSO4 + 0.1M MgSO4,Titanium mesh,1,2,5,30.3
3.61,0,0,1.26,0,818.17,,,1.15,2M ZnSO4 + 0.1M MgSO4,Titanium mesh,1,2,6,27.2
3.61,0,0,1.26,0,818.17,,,1.15,2M ZnSO4 + 0.1M MgSO4,Titanium mesh,1,2,8,24.3
3.61,0,0,1.26,0,818.17,,,1.15,2M ZnSO4 + 0.1M MgSO4,Titanium mesh,1,2,10,22
